  id    firstname    lastname    email    profession  salary
  100    Anica    Zina    Anica.Zina@yopmail.com    doctor  76000
  101    Nita    Kussell    Nita.Kussell@yopmail.com    worker  33000
  102    Amii    Katrine    Amii.Katrine@yopmail.com    worker  17000
  103    Tera    Alrich    Tera.Alrich@yopmail.com    doctor  45000
  104    Pearline    Bonilla    Pearline.Bonilla@yopmail.com    police officer  67000  
  105    Rosene    Dearborn    Rosene.Dearborn@yopmail.com    worker  87000
  106    Max    Thad    Max.Thad@yopmail.com    worker  12000
  107    Joane    Edvard    Joane.Edvard@yopmail.com    policeofficer  34000  
  108    Randa    Kamaria    Randa.Kamaria@yopmail.com    worker  34000
  109    Priscilla    Pernick    Priscilla.Pernick@yopmail.com    worker  
  110    Marika    Berl    Marika.Berl@yopmail.com    firefighter  
  111    Doralynne    Odell    Doralynne.Odell@yopmail.com    developer  
  112    Meghann    Levey    Meghann.Levey@yopmail.com    developer  
  113    Sallie    Plato    Sallie.Plato@yopmail.com    worker  
  114    Camile    Judye    Camile.Judye@yopmail.com    doctor  
  115    Aaren    Primalia    Aaren.Primalia@yopmail.com    doctor  
  116    Cacilie    Malvino    Cacilie.Malvino@yopmail.com    worker  
  117    Taffy    Stilwell    Taffy.Stilwell@yopmail.com    policeofficer  
  118    Joane    Dash    Joane.Dash@yopmail.com    police officer  
  119    Ethel    Billye    Ethel.Billye@yopmail.com    doctor  
  120    Iseabal    Marsden    Iseabal.Marsden@yopmail.com    police officer  
  121    Sindee    Lunsford    Sindee.Lunsford@yopmail.com    firefighter  
  122    Jean    Destinee    Jean.Destinee@yopmail.com    developer  
  123    Penelopa    Percy    Penelopa.Percy@yopmail.com    doctor  
  124    Meghann    Baptlsta    Meghann.Baptlsta@yopmail.com    worker  
  125    Cassondra    Cohdwell    Cassondra.Cohdwell@yopmail.com    firefighter  
  126    Isa    Gunn    Isa.Gunn@yopmail.com    police officer  
  127    Ingrid    Daveta    Ingrid.Daveta@yopmail.com    doctor  
  128    Danika    Dermott    Danika.Dermott@yopmail.com    police officer  
  129    Mariann    Lory    Mariann.Lory@yopmail.com    police officer  
  130    Hannis    Mullane    Hannis.Mullane@yopmail.com    worker  
  131    Frank    Septima    Frank.Septima@yopmail.com    developer  
  132    Trudie    Durante    Trudie.Durante@yopmail.com    worker  
  133    Phedra    Sacken    Phedra.Sacken@yopmail.com    worker  
  134    Adriana    Dorine    Adriana.Dorine@yopmail.com    doctor  
  135    Cissiee    Junie    Cissiee.Junie@yopmail.com    developer  
  136    Marylou    Madox    Marylou.Madox@yopmail.com    developer  
  137    Olwen    Greenwald    Olwen.Greenwald@yopmail.com    firefighter  
  138    Marjie    Old    Marjie.Old@yopmail.com    firefighter  
  139    Chere    Rosalba    Chere.Rosalba@yopmail.com    developer  
  140    Katleen    Khorma    Katleen.Khorma@yopmail.com    worker  
  141    Ariela    Lemuela    Ariela.Lemuela@yopmail.com    developer  
  142    Natka    Gillan    Natka.Gillan@yopmail.com    police officer  
  143    Mahalia    Christal    Mahalia.Christal@yopmail.com    firefighter  
  144    Heida    Westphal    Heida.Westphal@yopmail.com    firefighter  
  145    Mildrid    Whiffen    Mildrid.Whiffen@yopmail.com    doctor  
  146    Oona    Anastatius    Oona.Anastatius@yopmail.com    doctor  
  147    Jordan    Evvie    Jordan.Evvie@yopmail.com    doctor  
  148    Renae    Revkah    Renae.Revkah@yopmail.com    doctor  
  149    Esmeralda    Olin    Esmeralda.Olin@yopmail.com    doctor  
  150    Rebeca    Willie    Rebeca.Willie@yopmail.com    police officer  
  151    Merci    Waldron    Merci.Waldron@yopmail.com    developer  
  152    Christy    Barney    Christy.Barney@yopmail.com    firefighter  
  153    Aryn    Myrilla    Aryn.Myrilla@yopmail.com    doctor  
  154    Ann-Marie    Casimir    Ann-Marie.Casimir@yopmail.com    developer  
  155    Aurelie    Corilla    Aurelie.Corilla@yopmail.com    firefighter  
  156    Ermengarde    Vilma    Ermengarde.Vilma@yopmail.com    doctor  
  157    Nessie    Willie    Nessie.Willie@yopmail.com    police officer  
  158    Max    Bartlett    Max.Bartlett@yopmail.com    police officer  
  159    Adelle    Fiester    Adelle.Fiester@yopmail.com    police officer  
  160    Ana    Grosz    Ana.Grosz@yopmail.com    police officer  
  161    Ezmeralda    Ophelia    Ezmeralda.Ophelia@yopmail.com    police officer  
  162    Anica    Raseda    Anica.Raseda@yopmail.com    worker  
  163    Stacey    Vins    Stacey.Vins@yopmail.com    doctor  
  164    Juliane    Aldric    Juliane.Aldric@yopmail.com    police officer  
  165    Millie    Marlie    Millie.Marlie@yopmail.com    doctor  
  166    Kathi    Amadas    Kathi.Amadas@yopmail.com    worker  
  167    Tamqrah    Dom    Tamqrah.Dom@yopmail.com    doctor  
  168    Flory    Camden    Flory.Camden@yopmail.com    developer  
  169    Frances    Sawtelle    Frances.Sawtelle@yopmail.com    developer  
  170    Dione    Henrie    Dione.Henrie@yopmail.com    doctor  
  171    Katleen    Sibyls    Katleen.Sibyls@yopmail.com    developer  
  172    Cassondra    Reinke    Cassondra.Reinke@yopmail.com    firefighter  
  173    Joelly    Emanuel    Joelly.Emanuel@yopmail.com    worker  
  174    Margarette    Engdahl    Margarette.Engdahl@yopmail.com    firefighter  
  175    Merry    Billye    Merry.Billye@yopmail.com    doctor  
  176    Charissa    Vilma    Charissa.Vilma@yopmail.com    police officer  
  177    Ursulina    Quent    Ursulina.Quent@yopmail.com    police officer  
  178    Pearline    Rogerio    Pearline.Rogerio@yopmail.com    developer  
  179    Angela    Milson    Angela.Milson@yopmail.com    worker  
  180    Gertrud    Brackely    Gertrud.Brackely@yopmail.com    doctor  
  181    Hildegaard    Celestine    Hildegaard.Celestine@yopmail.com    worker  
  182    Codie    Leary    Codie.Leary@yopmail.com    developer  
  183    Annice    Ciapas    Annice.Ciapas@yopmail.com    police officer  
  184    Donetta    Gahl    Donetta.Gahl@yopmail.com    developer  
  185    Marcelline    Xerxes    Marcelline.Xerxes@yopmail.com    firefighter  
  186    Ernesta    Fabiola    Ernesta.Fabiola@yopmail.com    doctor  
  187    Melodie    Jagir    Melodie.Jagir@yopmail.com    worker  
  188    Babita    Cyrie    Babita.Cyrie@yopmail.com    firefighter  
  189    Ingrid    Granoff    Ingrid.Granoff@yopmail.com    worker  
  190    Diena    Boehike    Diena.Boehike@yopmail.com    doctor  
  191    Fayre    Ashok    Fayre.Ashok@yopmail.com    worker  
  192    Lolita    Oster    Lolita.Oster@yopmail.com    developer  
  193    Nataline    Timon    Nataline.Timon@yopmail.com    developer  
  194    Harrietta    Quent    Harrietta.Quent@yopmail.com    doctor  
  195    Sheelagh    Ailyn    Sheelagh.Ailyn@yopmail.com    police officer  
  196    Kaia    Ailyn    Kaia.Ailyn@yopmail.com    firefighter  
  197    Adore    Martsen    Adore.Martsen@yopmail.com    police officer  
  198    Tomasina    Behre    Tomasina.Behre@yopmail.com    police officer  
  199    Fina    Oster    Fina.Oster@yopmail.com    developer  
  200    Kylynn    Dash    Kylynn.Dash@yopmail.com    doctor  
  201    Annecorinne    Vernier    Annecorinne.Vernier@yopmail.com    doctor  
  202    Elbertina    Anselmi    Elbertina.Anselmi@yopmail.com    developer  
  203    Jaime    Aida    Jaime.Aida@yopmail.com    developer  
  204    Janeczka    Eugenia    Janeczka.Eugenia@yopmail.com    developer  
  205    Gusella    Tjon    Gusella.Tjon@yopmail.com    police officer  
  206    Betta    Weitman    Betta.Weitman@yopmail.com    worker  
  207    Laure    Borrell    Laure.Borrell@yopmail.com    developer  
  208    Adele    Girardo    Adele.Girardo@yopmail.com    firefighter  
  209    Chloris    Glovsky    Chloris.Glovsky@yopmail.com    police officer  
  210    Kayla    Percy    Kayla.Percy@yopmail.com    doctor  
  211    Devina    Ashok    Devina.Ashok@yopmail.com    worker  
  212    Wendi    Kesley    Wendi.Kesley@yopmail.com    developer  
  213    Rosene    Edee    Rosene.Edee@yopmail.com    firefighter  
  214    Kamilah    Cohdwell    Kamilah.Cohdwell@yopmail.com    police officer  
  215    Ida    Johanna    Ida.Johanna@yopmail.com    doctor  
  216    Sybille    Leler    Sybille.Leler@yopmail.com    doctor  
  217    Emilia    Kinnard    Emilia.Kinnard@yopmail.com    developer  
  218    Consuela    Anderea    Consuela.Anderea@yopmail.com    police officer  
  219    Brena    Lea    Brena.Lea@yopmail.com    worker  
  220    Alisha    Vanni    Alisha.Vanni@yopmail.com    firefighter  
  221    Priscilla    Crudden    Priscilla.Crudden@yopmail.com    doctor  
  222    Netty    Pacorro    Netty.Pacorro@yopmail.com    developer  
  223    Cristine    Ardeha    Cristine.Ardeha@yopmail.com    developer  
  224    Tersina    Stuart    Tersina.Stuart@yopmail.com    developer  
  225    Carmencita    Lindemann    Carmencita.Lindemann@yopmail.com    doctor  
  226    Corene    Vary    Corene.Vary@yopmail.com    doctor  
  227    Delilah    Raul    Delilah.Raul@yopmail.com    worker  
  228    Veda    Paine    Veda.Paine@yopmail.com    doctor  
  229    Beatriz    Lucienne    Beatriz.Lucienne@yopmail.com    police officer  
  230    Marguerite    Gaynor    Marguerite.Gaynor@yopmail.com    firefighter  
  231    Jerry    Warthman    Jerry.Warthman@yopmail.com    worker  
  232    Fidelia    Kat    Fidelia.Kat@yopmail.com    doctor  
  233    Sonni    Shama    Sonni.Shama@yopmail.com    police officer  
  234    Deirdre    Aurelio    Deirdre.Aurelio@yopmail.com    worker  
  235    Layla    Paine    Layla.Paine@yopmail.com    police officer  
  236    Bill    Hortensia    Bill.Hortensia@yopmail.com    firefighter  
  237    Caressa    Laverne    Caressa.Laverne@yopmail.com    doctor  
  238    Sabina    Auberbach    Sabina.Auberbach@yopmail.com    firefighter  
  239    Maye    Reneta    Maye.Reneta@yopmail.com    police officer  
  240    Tomasina    Bearnard    Tomasina.Bearnard@yopmail.com    firefighter  
  241    Beth    Fleeta    Beth.Fleeta@yopmail.com    worker  
  242    Daryl    Deegan    Daryl.Deegan@yopmail.com    police officer  
  243    Marika    McNully    Marika.McNully@yopmail.com    doctor  
  244    Corly    Chabot    Corly.Chabot@yopmail.com    firefighter  
  245    Fidelia    Trace    Fidelia.Trace@yopmail.com    developer  
  246    Jobi    Ludewig    Jobi.Ludewig@yopmail.com    firefighter  
  247    Cecile    Mintz    Cecile.Mintz@yopmail.com    firefighter  
  248    Tonia    Kauppi    Tonia.Kauppi@yopmail.com    developer  
  249    Trudie    Pelagias    Trudie.Pelagias@yopmail.com    doctor  
  250    Adelle    Baudin    Adelle.Baudin@yopmail.com    police officer  
  251    Darci    Leonard    Darci.Leonard@yopmail.com    developer  
  252    Danika    Gahl    Danika.Gahl@yopmail.com    worker  
  253    Stevana    Jena    Stevana.Jena@yopmail.com    worker  
  254    Elfreda    Mathilde    Elfreda.Mathilde@yopmail.com    developer  
  255    Georgina    Christine    Georgina.Christine@yopmail.com    doctor  
  256    Carlie    Lane    Carlie.Lane@yopmail.com    developer  
  257    Tera    Nadia    Tera.Nadia@yopmail.com    worker  
  258    Taffy    Brady    Taffy.Brady@yopmail.com    developer  
  259    Sadie    Naashom    Sadie.Naashom@yopmail.com    doctor  
  260    Tami    Greyson    Tami.Greyson@yopmail.com    police officer  
  261    Magdalena    Firmin    Magdalena.Firmin@yopmail.com    police officer  
  262    Charissa    Sprage    Charissa.Sprage@yopmail.com    worker  
  263    Beth    Deny    Beth.Deny@yopmail.com    developer  
  264    Layla    Xerxes    Layla.Xerxes@yopmail.com    developer  
  265    Ellette    Presber    Ellette.Presber@yopmail.com    police officer  
  266    Bibby    Chrystel    Bibby.Chrystel@yopmail.com    doctor  
  267    Deedee    Gilmour    Deedee.Gilmour@yopmail.com    police officer  
  268    Dianemarie    Agle    Dianemarie.Agle@yopmail.com    police officer  
  269    Anica    Jaylene    Anica.Jaylene@yopmail.com    developer  
  270    Micheline    Carvey    Micheline.Carvey@yopmail.com    firefighter  
  271    Kimberley    Colbert    Kimberley.Colbert@yopmail.com    worker  
  272    Anallese    Hathaway    Anallese.Hathaway@yopmail.com    worker  
  273    Dede    McAdams    Dede.McAdams@yopmail.com    developer  
  274    Lory    Burkle    Lory.Burkle@yopmail.com    worker  
  275    Thalia    Damarra    Thalia.Damarra@yopmail.com    doctor  
  276    Laurene    Docilla    Laurene.Docilla@yopmail.com    worker  
  277    Mary    Lissi    Mary.Lissi@yopmail.com    developer  
  278    Maurene    Elvyn    Maurene.Elvyn@yopmail.com    developer  
  279    Hannis    Bahr    Hannis.Bahr@yopmail.com    firefighter  
  280    Morganica    Olympium    Morganica.Olympium@yopmail.com    developer  
  281    Frank    Wu    Frank.Wu@yopmail.com    developer  
  282    Hallie    Weide    Hallie.Weide@yopmail.com    doctor  
  283    Rozele    Corilla    Rozele.Corilla@yopmail.com    doctor  
  284    Jerry    Brenn    Jerry.Brenn@yopmail.com    firefighter  
  285    Bill    Kiersten    Bill.Kiersten@yopmail.com    developer  
  286    Sallie    Krystle    Sallie.Krystle@yopmail.com    police officer  
  287    Roslyn    Reinke    Roslyn.Reinke@yopmail.com    worker  
  288    Lucy    Pozzy    Lucy.Pozzy@yopmail.com    firefighter  
  289    Hyacinthe    Gladstone    Hyacinthe.Gladstone@yopmail.com    doctor  
  290    Joleen    Neils    Joleen.Neils@yopmail.com    firefighter  
  291    Selia    Scammon    Selia.Scammon@yopmail.com    doctor  
  292    Gisela    Krystle    Gisela.Krystle@yopmail.com    firefighter  
  293    Blondelle    Chesna    Blondelle.Chesna@yopmail.com    firefighter  
  294    Meg    Barbey    Meg.Barbey@yopmail.com    worker  
  295    Hollie    Pelagias    Hollie.Pelagias@yopmail.com    doctor  
  296    Candy    Lenny    Candy.Lenny@yopmail.com    developer  
  297    Katleen    Monk    Katleen.Monk@yopmail.com    worker  
  298    Thalia    Land    Thalia.Land@yopmail.com    doctor  
  299    Susette    Shanley    Susette.Shanley@yopmail.com    firefighter  
  300    Elie    Fleeta    Elie.Fleeta@yopmail.com    firefighter  
  301    Dorene    Stefa    Dorene.Stefa@yopmail.com    developer  
  302    Elyssa    Henebry    Elyssa.Henebry@yopmail.com    firefighter  
  303    Gilligan    Frendel    Gilligan.Frendel@yopmail.com    police officer  
  304    Gabi    Gwenore    Gabi.Gwenore@yopmail.com    developer  
  305    Elfreda    Pip    Elfreda.Pip@yopmail.com    doctor  
  306    Tressa    Yerkovich    Tressa.Yerkovich@yopmail.com    police officer  
  307    Paulita    Flita    Paulita.Flita@yopmail.com    police officer  
  308    Noelle    Bonilla    Noelle.Bonilla@yopmail.com    firefighter  
  309    Marti    Ashely    Marti.Ashely@yopmail.com    firefighter  
  310    Tera    Carey    Tera.Carey@yopmail.com    worker  
  311    Jaime    Douglass    Jaime.Douglass@yopmail.com    worker  
  312    Bobbi    Cleavland    Bobbi.Cleavland@yopmail.com    doctor  
  313    Michaelina    Rugen    Michaelina.Rugen@yopmail.com    doctor  
  314    Yvonne    Virgin    Yvonne.Virgin@yopmail.com    firefighter  
  315    Juliane    Warthman    Juliane.Warthman@yopmail.com    firefighter  
  316    Allyce    Poppy    Allyce.Poppy@yopmail.com    developer  
  317    Jan    Weitman    Jan.Weitman@yopmail.com    firefighter  
  318    Halette    Hylan    Halette.Hylan@yopmail.com    doctor  
  319    Beth    Revkah    Beth.Revkah@yopmail.com    worker  
  320    Mara    Darian    Mara.Darian@yopmail.com    worker  
  321    Bibby    Warthman    Bibby.Warthman@yopmail.com    worker  
  322    Mahalia    Stav    Mahalia.Stav@yopmail.com    developer  
  323    Konstance    Lea    Konstance.Lea@yopmail.com    developer  
  324    Fanchon    Screens    Fanchon.Screens@yopmail.com    doctor  
  325    Desirae    Lemuela    Desirae.Lemuela@yopmail.com    doctor  
  326    Monika    Edee    Monika.Edee@yopmail.com    developer  
  327    Florencia    Chaing    Florencia.Chaing@yopmail.com    police officer  
  328    Rori    Annabella    Rori.Annabella@yopmail.com    worker  
  329    Gaylene    Soneson    Gaylene.Soneson@yopmail.com    police officer  
  330    Morganica    Dorcy    Morganica.Dorcy@yopmail.com    police officer  
  331    Cordi    Gert    Cordi.Gert@yopmail.com    developer  
  332    Alie    Jerald    Alie.Jerald@yopmail.com    police officer  
  333    Zsa Zsa    Cristi    Zsa Zsa.Cristi@yopmail.com    firefighter  
  334    Lorenza    Joli    Lorenza.Joli@yopmail.com    firefighter  
  335    Audrie    Cassius    Audrie.Cassius@yopmail.com    developer  
  336    Asia    Creamer    Asia.Creamer@yopmail.com    doctor  
  337    Aurore    Madelene    Aurore.Madelene@yopmail.com    firefighter  
  338    Neila    Hertzfeld    Neila.Hertzfeld@yopmail.com    worker  
  339    Susette    Giff    Susette.Giff@yopmail.com    developer  
  340    Daryl    Dannye    Daryl.Dannye@yopmail.com    worker  
  341    Jenilee    Nester    Jenilee.Nester@yopmail.com    firefighter  
  342    Cristine    Xerxes    Cristine.Xerxes@yopmail.com    doctor  
  343    Shaine    Thad    Shaine.Thad@yopmail.com    firefighter  
  344    Ardenia    Randene    Ardenia.Randene@yopmail.com    firefighter  
  345    Merry    Jerald    Merry.Jerald@yopmail.com    developer  
  346    Nelle    Brackely    Nelle.Brackely@yopmail.com    police officer  
  347    Joelly    Sprage    Joelly.Sprage@yopmail.com    firefighter  
  348    Ashlee    Philipp    Ashlee.Philipp@yopmail.com    police officer  
  349    Raquela    Wilona    Raquela.Wilona@yopmail.com    doctor  
  350    Dode    Autrey    Dode.Autrey@yopmail.com    worker  
  351    Sean    Sabella    Sean.Sabella@yopmail.com    firefighter  
  352    Alia    Natica    Alia.Natica@yopmail.com    developer  
  353    Penelopa    Infield    Penelopa.Infield@yopmail.com    doctor  
  354    Melina    Gladstone    Melina.Gladstone@yopmail.com    worker  
  355    Renae    Fosque    Renae.Fosque@yopmail.com    worker  
  356    Viki    Matthew    Viki.Matthew@yopmail.com    firefighter  
  357    Elka    Waldron    Elka.Waldron@yopmail.com    worker  
  358    Calla    Linskey    Calla.Linskey@yopmail.com    worker  
  359    Chickie    Guildroy    Chickie.Guildroy@yopmail.com    developer  
  360    Mahalia    Etom    Mahalia.Etom@yopmail.com    developer  
  361    Jolyn    Lasley    Jolyn.Lasley@yopmail.com    worker  
  362    Ulrike    Radu    Ulrike.Radu@yopmail.com    firefighter  
  363    Chandra    Westphal    Chandra.Westphal@yopmail.com    police officer  
  364    Morganica    Tjon    Morganica.Tjon@yopmail.com    firefighter  
  365    Kalina    Zachary    Kalina.Zachary@yopmail.com    doctor  
  366    Marguerite    Hewitt    Marguerite.Hewitt@yopmail.com    police officer  
  367    Amara    Bibi    Amara.Bibi@yopmail.com    developer  
  368    Ketti    Wilona    Ketti.Wilona@yopmail.com    firefighter  
  369    Alameda    Behre    Alameda.Behre@yopmail.com    developer  
  370    Annora    Alwin    Annora.Alwin@yopmail.com    police officer  
  371    Pamella    Roumell    Pamella.Roumell@yopmail.com    police officer  
  372    Leia    August    Leia.August@yopmail.com    police officer  
  373    Emilia    Slifka    Emilia.Slifka@yopmail.com    developer  
  374    Kara-Lynn    MacIntosh    Kara-Lynn.MacIntosh@yopmail.com    doctor  
  375    Charmaine    Lynn    Charmaine.Lynn@yopmail.com    firefighter  
  376    Tami    Kermit    Tami.Kermit@yopmail.com    developer  
  377    Sybille    Marden    Sybille.Marden@yopmail.com    firefighter  
  378    Chickie    Mozelle    Chickie.Mozelle@yopmail.com    firefighter  
  379    Fina    Bartlett    Fina.Bartlett@yopmail.com    worker  
  380    Quintina    Kravits    Quintina.Kravits@yopmail.com    police officer  
  381    Elena    Randene    Elena.Randene@yopmail.com    firefighter  
  382    Joelly    Marisa    Joelly.Marisa@yopmail.com    firefighter  
  383    Doralynne    Quent    Doralynne.Quent@yopmail.com    developer  
  384    Donnie    Gusella    Donnie.Gusella@yopmail.com    doctor  
  385    Hope    Fink    Hope.Fink@yopmail.com    developer  
  386    Mireielle    Lamoree    Mireielle.Lamoree@yopmail.com    firefighter  
  387    Delilah    Emmy    Delilah.Emmy@yopmail.com    firefighter  
  388    Cissiee    Allare    Cissiee.Allare@yopmail.com    police officer  
  389    Nollie    Jaylene    Nollie.Jaylene@yopmail.com    firefighter  
  390    Audrie    Louanna    Audrie.Louanna@yopmail.com    worker  
  391    Fidelia    Zetta    Fidelia.Zetta@yopmail.com    developer  
  392    Lorie    Brieta    Lorie.Brieta@yopmail.com    doctor  
  393    Joeann    Etom    Joeann.Etom@yopmail.com    police officer  
  394    Glynnis    Hertzfeld    Glynnis.Hertzfeld@yopmail.com    worker  
  395    Sandie    Kristi    Sandie.Kristi@yopmail.com    police officer  
  396    Farrah    Madox    Farrah.Madox@yopmail.com    firefighter  
  397    Rosaline    Sparhawk    Rosaline.Sparhawk@yopmail.com    doctor  
  398    Louella    Haerr    Louella.Haerr@yopmail.com    developer  
  399    Kary    Felizio    Kary.Felizio@yopmail.com    worker  
  400    Raf    Ursulette    Raf.Ursulette@yopmail.com    developer  
  401    Rori    Teddman    Rori.Teddman@yopmail.com    developer  
  402    Kellen    Lissi    Kellen.Lissi@yopmail.com    developer  
  403    Carmencita    Michella    Carmencita.Michella@yopmail.com    firefighter  
  404    Kaja    Vernier    Kaja.Vernier@yopmail.com    developer  
  405    Doro    Merna    Doro.Merna@yopmail.com    developer  
  406    Paule    Faria    Paule.Faria@yopmail.com    worker  
  407    Keelia    Belanger    Keelia.Belanger@yopmail.com    firefighter  
  408    Max    Ellord    Max.Ellord@yopmail.com    worker  
  409    Merry    Arathorn    Merry.Arathorn@yopmail.com    worker  
  410    Lacie    Georas    Lacie.Georas@yopmail.com    firefighter  
  411    Korrie    Lorain    Korrie.Lorain@yopmail.com    developer  
  412    Brena    Francene    Brena.Francene@yopmail.com    developer  
  413    Jeanna    Mike    Jeanna.Mike@yopmail.com    police officer  
  414    Edith    Arvo    Edith.Arvo@yopmail.com    firefighter  
  415    Candy    Kosey    Candy.Kosey@yopmail.com    doctor  
  416    Tressa    Lorenz    Tressa.Lorenz@yopmail.com    developer  
  417    Mariann    Vins    Mariann.Vins@yopmail.com    firefighter  
  418    Fredericka    Secrest    Fredericka.Secrest@yopmail.com    developer  
  419    Felice    Bord    Felice.Bord@yopmail.com    worker  
  420    Frances    Madelene    Frances.Madelene@yopmail.com    doctor  
  421    Ayn    Raama    Ayn.Raama@yopmail.com    doctor  
  422    Leona    Rhu    Leona.Rhu@yopmail.com    developer  
  423    Lorie    Fry    Lorie.Fry@yopmail.com    firefighter  
  424    Sheelagh    Maples    Sheelagh.Maples@yopmail.com    firefighter  
  425    Jaime    Chaing    Jaime.Chaing@yopmail.com    developer  
  426    Dorthy    Rosette    Dorthy.Rosette@yopmail.com    police officer  
  427    Valli    Podvin    Valli.Podvin@yopmail.com    firefighter  
  428    Belva    Melony    Belva.Melony@yopmail.com    firefighter  
  429    Katuscha    Viddah    Katuscha.Viddah@yopmail.com    doctor  
  430    Mariann    Gert    Mariann.Gert@yopmail.com    police officer  
  431    Ardys    Hanshaw    Ardys.Hanshaw@yopmail.com    doctor  
  432    Isa    Adlare    Isa.Adlare@yopmail.com    police officer  
  433    Jasmina    Levey    Jasmina.Levey@yopmail.com    firefighter  
  434    Mildrid    Lilybelle    Mildrid.Lilybelle@yopmail.com    doctor  
  435    Melina    Waite    Melina.Waite@yopmail.com    worker  
  436    Jasmina    Regan    Jasmina.Regan@yopmail.com    doctor  
  437    Lusa    Lindemann    Lusa.Lindemann@yopmail.com    police officer  
  438    Kimberley    Lynn    Kimberley.Lynn@yopmail.com    worker  
  439    Briney    Destinee    Briney.Destinee@yopmail.com    worker  
  440    Henriette    Halla    Henriette.Halla@yopmail.com    developer  
  441    Collen    Haldas    Collen.Haldas@yopmail.com    police officer  
  442    Alleen    Urias    Alleen.Urias@yopmail.com    firefighter  
  443    Trixi    Lumbard    Trixi.Lumbard@yopmail.com    doctor  
  444    Fawne    Gaulin    Fawne.Gaulin@yopmail.com    worker  
  445    Lucy    MacIntosh    Lucy.MacIntosh@yopmail.com    police officer  
  446    Amelia    Seumas    Amelia.Seumas@yopmail.com    worker  
  447    Odessa    Roumell    Odessa.Roumell@yopmail.com    doctor  
  448    Rosene    Carey    Rosene.Carey@yopmail.com    worker  
  449    Suzette    Knowling    Suzette.Knowling@yopmail.com    police officer  
  450    Dyann    Brandice    Dyann.Brandice@yopmail.com    police officer  
  451    Letizia    Beniamino    Letizia.Beniamino@yopmail.com    doctor  
  452    Patricia    Pozzy    Patricia.Pozzy@yopmail.com    worker  
  453    Letizia    Eben    Letizia.Eben@yopmail.com    firefighter  
  454    Nariko    Lutero    Nariko.Lutero@yopmail.com    firefighter  
  455    Consuela    Vacuva    Consuela.Vacuva@yopmail.com    developer  
  456    Nyssa    Hubert    Nyssa.Hubert@yopmail.com    firefighter  
  457    Angelique    Saree    Angelique.Saree@yopmail.com    worker  
  458    Tani    Rozanna    Tani.Rozanna@yopmail.com    worker  
  459    Aeriela    Schonfeld    Aeriela.Schonfeld@yopmail.com    developer  
  460    Hermione    Riva    Hermione.Riva@yopmail.com    police officer  
  461    Rhoda    Lamoree    Rhoda.Lamoree@yopmail.com    firefighter  
  462    Helena    Bollay    Helena.Bollay@yopmail.com    firefighter  
  463    Sibella    Edee    Sibella.Edee@yopmail.com    police officer  
  464    Carol-Jean    Nikaniki    Carol-Jean.Nikaniki@yopmail.com    police officer  
  465    Norine    Laurianne    Norine.Laurianne@yopmail.com    police officer  
  466    Alexine    Rad    Alexine.Rad@yopmail.com    doctor  
  467    Britte    Tyson    Britte.Tyson@yopmail.com    worker  
  468    Shel    Modie    Shel.Modie@yopmail.com    worker  
  469    Kassey    Laverne    Kassey.Laverne@yopmail.com    police officer  
  470    Lenna    Bultman    Lenna.Bultman@yopmail.com    police officer  
  471    Roseline    Halsey    Roseline.Halsey@yopmail.com    developer  
  472    Lisette    Dituri    Lisette.Dituri@yopmail.com    police officer  
  473    Clary    Harday    Clary.Harday@yopmail.com    worker  
  474    Wanda    Ilka    Wanda.Ilka@yopmail.com    worker  
  475    Cherilyn    Heidt    Cherilyn.Heidt@yopmail.com    worker  
  476    Babita    Ummersen    Babita.Ummersen@yopmail.com    doctor  
  477    Lulita    Jefferey    Lulita.Jefferey@yopmail.com    developer  
  478    Shaine    Nickola    Shaine.Nickola@yopmail.com    developer  
  479    Jenilee    Pelagias    Jenilee.Pelagias@yopmail.com    firefighter  
  480    Blondelle    Zaslow    Blondelle.Zaslow@yopmail.com    doctor  
  481    Orsola    Monk    Orsola.Monk@yopmail.com    police officer  
  482    Bee    Bury    Bee.Bury@yopmail.com    doctor  
  483    Eadie    Daveta    Eadie.Daveta@yopmail.com    police officer  
  484    Daune    Faso    Daune.Faso@yopmail.com    worker  
  485    Ilse    Toni    Ilse.Toni@yopmail.com    doctor  
  486    Ulrike    Kannry    Ulrike.Kannry@yopmail.com    worker  
  487    Hayley    Obed    Hayley.Obed@yopmail.com    doctor  
  488    Fanchon    Faria    Fanchon.Faria@yopmail.com    developer  
  489    Cassondra    Faro    Cassondra.Faro@yopmail.com    firefighter  
  490    Josephine    Neva    Josephine.Neva@yopmail.com    police officer  
  491    Shel    Aldric    Shel.Aldric@yopmail.com    doctor  
  492    Lory    Chandler    Lory.Chandler@yopmail.com    worker  
  493    Charlena    Giule    Charlena.Giule@yopmail.com    firefighter  
  494    Britni    Berl    Britni.Berl@yopmail.com    police officer  
  495    Averyl    Huggins    Averyl.Huggins@yopmail.com    firefighter  
  496    Regina    Cutlerr    Regina.Cutlerr@yopmail.com    developer  
  497    Mady    Ardra    Mady.Ardra@yopmail.com    developer  
  498    Berget    Jerold    Berget.Jerold@yopmail.com    firefighter  
  499    Courtnay    Dorcy    Courtnay.Dorcy@yopmail.com    firefighter  
  500    Demetris    Bryna    Demetris.Bryna@yopmail.com    worker  
  501    Carree    Nea    Carree.Nea@yopmail.com    developer  
  502    Adele    Jethro    Adele.Jethro@yopmail.com    doctor  
  503    Molli    Wareing    Molli.Wareing@yopmail.com    developer  
  504    Karina    Yoko    Karina.Yoko@yopmail.com    police officer  
  505    Aigneis    Gwenore    Aigneis.Gwenore@yopmail.com    firefighter  
  506    Adele    Aurelio    Adele.Aurelio@yopmail.com    worker  
  507    Delilah    Holtz    Delilah.Holtz@yopmail.com    doctor  
  508    Ana    Vale    Ana.Vale@yopmail.com    firefighter  
  509    Ernesta    Cullin    Ernesta.Cullin@yopmail.com    firefighter  
  510    Blake    Jena    Blake.Jena@yopmail.com    doctor  
  511    Roz    Leifeste    Roz.Leifeste@yopmail.com    doctor  
  512    Mireielle    Zachary    Mireielle.Zachary@yopmail.com    developer  
  513    Annecorinne    Engdahl    Annecorinne.Engdahl@yopmail.com    police officer  
  514    Lexine    Olin    Lexine.Olin@yopmail.com    doctor  
  515    Chastity    Ries    Chastity.Ries@yopmail.com    firefighter  
  516    Pearline    Claudine    Pearline.Claudine@yopmail.com    developer  
  517    Hannis    Brandice    Hannis.Brandice@yopmail.com    firefighter  
  518    Ernesta    Ricarda    Ernesta.Ricarda@yopmail.com    firefighter  
  519    Therine    Fry    Therine.Fry@yopmail.com    firefighter  
  520    Tamqrah    Mauer    Tamqrah.Mauer@yopmail.com    worker  
  521    Gerianna    Fredi    Gerianna.Fredi@yopmail.com    doctor  
  522    Viki    Torray    Viki.Torray@yopmail.com    developer  
  523    Sibella    Teddman    Sibella.Teddman@yopmail.com    developer  
  524    Cherilyn    Nadia    Cherilyn.Nadia@yopmail.com    developer  
  525    Lita    Tamsky    Lita.Tamsky@yopmail.com    firefighter  
  526    Bee    Carmena    Bee.Carmena@yopmail.com    developer  
  527    Amelia    Stacy    Amelia.Stacy@yopmail.com    doctor  
  528    Tamqrah    Ahab    Tamqrah.Ahab@yopmail.com    police officer  
  529    Binny    Ivens    Binny.Ivens@yopmail.com    worker  
  530    Kial    Lorain    Kial.Lorain@yopmail.com    worker  
  531    Teriann    Dahlia    Teriann.Dahlia@yopmail.com    developer  
  532    Patricia    Maroney    Patricia.Maroney@yopmail.com    developer  
  533    Pollyanna    Konyn    Pollyanna.Konyn@yopmail.com    worker  
  534    Ricky    Ax    Ricky.Ax@yopmail.com    developer  
  535    Mariann    Wandie    Mariann.Wandie@yopmail.com    doctor  
  536    Moyna    Carvey    Moyna.Carvey@yopmail.com    worker  
  537    Marguerite    Jagir    Marguerite.Jagir@yopmail.com    doctor  
  538    Raquela    Anderea    Raquela.Anderea@yopmail.com    developer  
  539    Elie    Fillbert    Elie.Fillbert@yopmail.com    firefighter  
  540    Gwyneth    Engdahl    Gwyneth.Engdahl@yopmail.com    worker  
  541    Quintina    MacIntosh    Quintina.MacIntosh@yopmail.com    firefighter  
  542    Rosene    Hamil    Rosene.Hamil@yopmail.com    doctor  
  543    Frances    Breed    Frances.Breed@yopmail.com    doctor  
  544    Sheree    Emmy    Sheree.Emmy@yopmail.com    firefighter  
  545    Ricky    Dudley    Ricky.Dudley@yopmail.com    firefighter  
  546    Ardys    Ax    Ardys.Ax@yopmail.com    developer  
  547    Roxane    Read    Roxane.Read@yopmail.com    developer  
  548    Aimil    Lacombe    Aimil.Lacombe@yopmail.com    doctor  
  549    Jordan    Pernick    Jordan.Pernick@yopmail.com    police officer  
  550    Ariela    Cornelia    Ariela.Cornelia@yopmail.com    developer  
  551    Mathilda    Seagraves    Mathilda.Seagraves@yopmail.com    police officer  
  552    Gusty    Xerxes    Gusty.Xerxes@yopmail.com    doctor  
  553    Kerrin    Estella    Kerrin.Estella@yopmail.com    police officer  
  554    Lauryn    Rhu    Lauryn.Rhu@yopmail.com    police officer  
  555    Joleen    Waldron    Joleen.Waldron@yopmail.com    police officer  
  556    Gusella    Dorine    Gusella.Dorine@yopmail.com    worker  
  557    Marguerite    Cohdwell    Marguerite.Cohdwell@yopmail.com    police officer  
  558    Elyssa    Sammons    Elyssa.Sammons@yopmail.com    doctor  
  559    Briney    Newell    Briney.Newell@yopmail.com    police officer  
  560    Gertrud    Felizio    Gertrud.Felizio@yopmail.com    firefighter  
  561    Berget    Gerge    Berget.Gerge@yopmail.com    doctor  
  562    Krystle    Lalitta    Krystle.Lalitta@yopmail.com    doctor  
  563    Gretal    Pitt    Gretal.Pitt@yopmail.com    developer  
  564    Ninnetta    Damarra    Ninnetta.Damarra@yopmail.com    doctor  
  565    Rebeca    Lytton    Rebeca.Lytton@yopmail.com    developer  
  566    Roxane    Bearnard    Roxane.Bearnard@yopmail.com    developer  
  567    Valli    Zina    Valli.Zina@yopmail.com    doctor  
  568    Johna    Thunell    Johna.Thunell@yopmail.com    firefighter  
  569    Bibby    Nickola    Bibby.Nickola@yopmail.com    doctor  
  570    Tera    Terrence    Tera.Terrence@yopmail.com    developer  
  571    Blondelle    Bahr    Blondelle.Bahr@yopmail.com    firefighter  
  572    Ana    Vacuva    Ana.Vacuva@yopmail.com    developer  
  573    Gabi    Bakerman    Gabi.Bakerman@yopmail.com    firefighter  
  574    Amelia    Halsey    Amelia.Halsey@yopmail.com    police officer  
  575    Adriana    Lumbard    Adriana.Lumbard@yopmail.com    developer  
  576    Teddie    Alisia    Teddie.Alisia@yopmail.com    doctor  
  577    Dolli    Poppy    Dolli.Poppy@yopmail.com    police officer  
  578    Julieta    Sundin    Julieta.Sundin@yopmail.com    worker  
  579    Myriam    Yuille    Myriam.Yuille@yopmail.com    developer  
  580    Harrietta    Levey    Harrietta.Levey@yopmail.com    firefighter  
  581    Merrie    Pauly    Merrie.Pauly@yopmail.com    doctor  
  582    Raf    Viddah    Raf.Viddah@yopmail.com    police officer  
  583    Asia    Duwalt    Asia.Duwalt@yopmail.com    firefighter  
  584    Carilyn    Bandeen    Carilyn.Bandeen@yopmail.com    doctor  
  585    Jany    Peonir    Jany.Peonir@yopmail.com    police officer  
  586    Merci    Goerke    Merci.Goerke@yopmail.com    developer  
  587    Ernesta    Sprage    Ernesta.Sprage@yopmail.com    police officer  
  588    Shandie    Ralfston    Shandie.Ralfston@yopmail.com    police officer  
  589    Hope    Deegan    Hope.Deegan@yopmail.com    police officer  
  590    Binny    Marlie    Binny.Marlie@yopmail.com    doctor  
  591    Aubrie    Nester    Aubrie.Nester@yopmail.com    worker  
  592    Diena    McLaughlin    Diena.McLaughlin@yopmail.com    developer  
  593    Cristabel    Timon    Cristabel.Timon@yopmail.com    police officer  
  594    Corly    Kevon    Corly.Kevon@yopmail.com    firefighter  
  595    Brena    Behre    Brena.Behre@yopmail.com    worker  
  596    Georgina    Esmaria    Georgina.Esmaria@yopmail.com    developer  
  597    Lenna    Elvyn    Lenna.Elvyn@yopmail.com    developer  
  598    Jaclyn    Dudley    Jaclyn.Dudley@yopmail.com    police officer  
  599    Laurene    Meli    Laurene.Meli@yopmail.com    police officer  
  600    Andree    Lamoree    Andree.Lamoree@yopmail.com    police officer  
  601    Dorice    Seligman    Dorice.Seligman@yopmail.com    doctor  
  602    Frank    Tremayne    Frank.Tremayne@yopmail.com    developer  
  603    Deirdre    Nedrud    Deirdre.Nedrud@yopmail.com    doctor  
  604    Gretal    Zitvaa    Gretal.Zitvaa@yopmail.com    developer  
  605    Gwyneth    Nance    Gwyneth.Nance@yopmail.com    developer  
  606    Wynne    Haymes    Wynne.Haymes@yopmail.com    police officer  
  607    Ada    Ezar    Ada.Ezar@yopmail.com    developer  
  608    Alia    Merell    Alia.Merell@yopmail.com    developer  
  609    Tybie    Ade    Tybie.Ade@yopmail.com    police officer  
  610    Luci    Carolin    Luci.Carolin@yopmail.com    police officer  
  611    Grier    Capello    Grier.Capello@yopmail.com    developer  
  612    Dari    Odysseus    Dari.Odysseus@yopmail.com    developer  
  613    Steffane    Bevin    Steffane.Bevin@yopmail.com    developer  
  614    Emylee    Atonsah    Emylee.Atonsah@yopmail.com    developer  
  615    Kirstin    Sammons    Kirstin.Sammons@yopmail.com    police officer  
  616    Arlena    Zaslow    Arlena.Zaslow@yopmail.com    firefighter  
  617    Marti    Edison    Marti.Edison@yopmail.com    police officer  
  618    Nikki    Chesna    Nikki.Chesna@yopmail.com    developer  
  619    Arlina    Paine    Arlina.Paine@yopmail.com    firefighter  
  620    Gaylene    Malina    Gaylene.Malina@yopmail.com    developer  
  621    Ethel    Havens    Ethel.Havens@yopmail.com    doctor  
  622    Daphne    Gilbertson    Daphne.Gilbertson@yopmail.com    firefighter  
  623    Karly    Holbrook    Karly.Holbrook@yopmail.com    firefighter  
  624    Halette    Kenwood    Halette.Kenwood@yopmail.com    firefighter  
  625    Emelina    Wittie    Emelina.Wittie@yopmail.com    firefighter  
  626    Deloria    Newell    Deloria.Newell@yopmail.com    developer  
  627    Dolli    Engdahl    Dolli.Engdahl@yopmail.com    developer  
  628    Gale    Marisa    Gale.Marisa@yopmail.com    developer  
  629    Justinn    Pitt    Justinn.Pitt@yopmail.com    police officer  
  630    Starla    Goddard    Starla.Goddard@yopmail.com    police officer  
  631    Tilly    Heisel    Tilly.Heisel@yopmail.com    developer  
  632    Betta    Vale    Betta.Vale@yopmail.com    worker  
  633    Bernardine    Faro    Bernardine.Faro@yopmail.com    doctor  
  634    Lulita    Ricarda    Lulita.Ricarda@yopmail.com    developer  
  635    Phedra    Prober    Phedra.Prober@yopmail.com    doctor  
  636    Susan    Brieta    Susan.Brieta@yopmail.com    police officer  
  637    Amara    Donoghue    Amara.Donoghue@yopmail.com    firefighter  
  638    Georgetta    Lunsford    Georgetta.Lunsford@yopmail.com    worker  
  639    Nariko    Payson    Nariko.Payson@yopmail.com    firefighter  
  640    Madalyn    Taam    Madalyn.Taam@yopmail.com    developer  
  641    Myrtice    Chick    Myrtice.Chick@yopmail.com    police officer  
  642    Alejandra    Stelle    Alejandra.Stelle@yopmail.com    firefighter  
  643    Emma    Francene    Emma.Francene@yopmail.com    worker  
  644    Tarra    Graig    Tarra.Graig@yopmail.com    developer  
  645    Calla    Clarissa    Calla.Clarissa@yopmail.com    doctor  
  646    Barbara    Gherardo    Barbara.Gherardo@yopmail.com    police officer  
  647    Ulrike    Diogenes    Ulrike.Diogenes@yopmail.com    police officer  
  648    Edith    Hazlett    Edith.Hazlett@yopmail.com    doctor  
  649    Gusty    Milde    Gusty.Milde@yopmail.com    firefighter  
  650    Roseline    Plato    Roseline.Plato@yopmail.com    developer  
  651    Christy    Urania    Christy.Urania@yopmail.com    police officer  
  652    Verla    Persse    Verla.Persse@yopmail.com    developer  
  653    Doralynne    Cleo    Doralynne.Cleo@yopmail.com    doctor  
  654    Carol-Jean    Danby    Carol-Jean.Danby@yopmail.com    doctor  
  655    Malina    Screens    Malina.Screens@yopmail.com    developer  
  656    Feliza    Rugen    Feliza.Rugen@yopmail.com    developer  
  657    Goldie    Rona    Goldie.Rona@yopmail.com    developer  
  658    Yetty    Lay    Yetty.Lay@yopmail.com    worker  
  659    Talya    Ade    Talya.Ade@yopmail.com    police officer  
  660    Cissiee    Kress    Cissiee.Kress@yopmail.com    worker  
  661    Corry    Truc    Corry.Truc@yopmail.com    developer  
  662    Gloria    Turne    Gloria.Turne@yopmail.com    police officer  
  663    Vivia    Read    Vivia.Read@yopmail.com    developer  
  664    Diena    Brian    Diena.Brian@yopmail.com    worker  
  665    Pierette    Emerson    Pierette.Emerson@yopmail.com    worker  
  666    Tami    Jotham    Tami.Jotham@yopmail.com    police officer  
  667    Alyssa    Wyn    Alyssa.Wyn@yopmail.com    developer  
  668    Dorice    Mayeda    Dorice.Mayeda@yopmail.com    worker  
  669    Ulrike    Modie    Ulrike.Modie@yopmail.com    worker  
  670    Elena    Brenn    Elena.Brenn@yopmail.com    worker  
  671    Gratia    Frendel    Gratia.Frendel@yopmail.com    firefighter  
  672    Nollie    Bendick    Nollie.Bendick@yopmail.com    firefighter  
  673    Layla    Lytton    Layla.Lytton@yopmail.com    doctor  
  674    Nanete    Fillbert    Nanete.Fillbert@yopmail.com    firefighter  
  675    Rubie    Elephus    Rubie.Elephus@yopmail.com    firefighter  
  676    Theodora    Brunell    Theodora.Brunell@yopmail.com    developer  
  677    Courtnay    Willie    Courtnay.Willie@yopmail.com    police officer  
  678    Hermione    Madelene    Hermione.Madelene@yopmail.com    developer  
  679    Regina    Vary    Regina.Vary@yopmail.com    doctor  
  680    Alyda    Uund    Alyda.Uund@yopmail.com    worker  
  681    Max    Bonucci    Max.Bonucci@yopmail.com    firefighter  
  682    Jordan    Persse    Jordan.Persse@yopmail.com    police officer  
  683    Louella    Millda    Louella.Millda@yopmail.com    worker  
  684    Tina    Raychel    Tina.Raychel@yopmail.com    police officer  
  685    Talya    Vernier    Talya.Vernier@yopmail.com    doctor  
  686    Zondra    Publia    Zondra.Publia@yopmail.com    police officer  
  687    Bertine    Lumbard    Bertine.Lumbard@yopmail.com    doctor  
  688    Silvana    Lenny    Silvana.Lenny@yopmail.com    police officer  
  689    Gilligan    Brady    Gilligan.Brady@yopmail.com    worker  
  690    Maurene    Ailyn    Maurene.Ailyn@yopmail.com    worker  
  691    Shauna    Orpah    Shauna.Orpah@yopmail.com    doctor  
  692    Shauna    Christine    Shauna.Christine@yopmail.com    worker  
  693    Aeriela    Barbey    Aeriela.Barbey@yopmail.com    police officer  
  694    Rosanne    Monk    Rosanne.Monk@yopmail.com    firefighter  
  695    Vere    Wittie    Vere.Wittie@yopmail.com    firefighter  
  696    Melodie    Amand    Melodie.Amand@yopmail.com    developer  
  697    Marsiella    Colbert    Marsiella.Colbert@yopmail.com    developer  
  698    Fanny    Lipson    Fanny.Lipson@yopmail.com    police officer  
  699    Tomasina    Roumell    Tomasina.Roumell@yopmail.com    police officer  
  700    Suzette    Socha    Suzette.Socha@yopmail.com    firefighter  
  701    Aurelie    Ramona    Aurelie.Ramona@yopmail.com    worker  
  702    Shirlee    Millda    Shirlee.Millda@yopmail.com    worker  
  703    Katuscha    Junie    Katuscha.Junie@yopmail.com    worker  
  704    Maridel    Lalitta    Maridel.Lalitta@yopmail.com    police officer  
  705    Danika    Chabot    Danika.Chabot@yopmail.com    doctor  
  706    Letizia    Clarissa    Letizia.Clarissa@yopmail.com    worker  
  707    Janey    Karl    Janey.Karl@yopmail.com    worker  
  708    Christal    Wadell    Christal.Wadell@yopmail.com    police officer  
  709    Letizia    Schonfeld    Letizia.Schonfeld@yopmail.com    worker  
  710    Shaine    Sasnett    Shaine.Sasnett@yopmail.com    police officer  
  711    Ethel    Honoria    Ethel.Honoria@yopmail.com    worker  
  712    Layla    Buffum    Layla.Buffum@yopmail.com    developer  
  713    Merci    Monaco    Merci.Monaco@yopmail.com    doctor  
  714    Dorene    Odell    Dorene.Odell@yopmail.com    firefighter  
  715    Esmeralda    Corilla    Esmeralda.Corilla@yopmail.com    worker  
  716    Pollyanna    Felecia    Pollyanna.Felecia@yopmail.com    police officer  
  717    Doro    Meter    Doro.Meter@yopmail.com    police officer  
  718    Cherilyn    Dearborn    Cherilyn.Dearborn@yopmail.com    doctor  
  719    Caressa    Grosz    Caressa.Grosz@yopmail.com    firefighter  
  720    Robbi    Weaks    Robbi.Weaks@yopmail.com    police officer  
  721    Aili    Johanna    Aili.Johanna@yopmail.com    doctor  
  722    Ninnetta    McGrody    Ninnetta.McGrody@yopmail.com    firefighter  
  723    Dagmar    Llovera    Dagmar.Llovera@yopmail.com    worker  
  724    Candi    Han    Candi.Han@yopmail.com    firefighter  
  725    Florie    Granoff    Florie.Granoff@yopmail.com    doctor  
  726    Dorthy    Fiann    Dorthy.Fiann@yopmail.com    worker  
  727    Nataline    Carey    Nataline.Carey@yopmail.com    worker  
  728    Cathyleen    Hachmin    Cathyleen.Hachmin@yopmail.com    firefighter  
  729    Nannie    Cleo    Nannie.Cleo@yopmail.com    developer  
  730    Stacey    Pitt    Stacey.Pitt@yopmail.com    doctor  
  731    Zsa Zsa    Bouchard    Zsa Zsa.Bouchard@yopmail.com    doctor  
  732    Kirbee    Quent    Kirbee.Quent@yopmail.com    firefighter  
  733    Anica    Allys    Anica.Allys@yopmail.com    developer  
  734    Joleen    Vittoria    Joleen.Vittoria@yopmail.com    firefighter  
  735    Nadine    Mandler    Nadine.Mandler@yopmail.com    firefighter  
  736    Sherrie    Billye    Sherrie.Billye@yopmail.com    developer  
  737    Hettie    Terencio    Hettie.Terencio@yopmail.com    doctor  
  738    Alyssa    Alarise    Alyssa.Alarise@yopmail.com    doctor  
  739    Michaelina    Felizio    Michaelina.Felizio@yopmail.com    firefighter  
  740    Oralee    Fadiman    Oralee.Fadiman@yopmail.com    doctor  
  741    Elyssa    Azeria    Elyssa.Azeria@yopmail.com    police officer  
  742    Althea    Zenas    Althea.Zenas@yopmail.com    worker  
  743    Laure    Maribeth    Laure.Maribeth@yopmail.com    worker  
  744    Merry    Miru    Merry.Miru@yopmail.com    developer  
  745    Carilyn    Han    Carilyn.Han@yopmail.com    doctor  
  746    Karly    Chinua    Karly.Chinua@yopmail.com    firefighter  
  747    Courtnay    Orelee    Courtnay.Orelee@yopmail.com    developer  
  748    Lulita    Redmond    Lulita.Redmond@yopmail.com    worker  
  749    Karena    Revkah    Karena.Revkah@yopmail.com    police officer  
  750    Peri    Fancie    Peri.Fancie@yopmail.com    worker  
  751    Kathy    Roarke    Kathy.Roarke@yopmail.com    worker  
  752    Kristina    Chem    Kristina.Chem@yopmail.com    doctor  
  753    Kial    Blisse    Kial.Blisse@yopmail.com    doctor  
  754    Amelia    Hieronymus    Amelia.Hieronymus@yopmail.com    developer  
  755    Lyssa    Moseley    Lyssa.Moseley@yopmail.com    worker  
  756    Coral    Ruvolo    Coral.Ruvolo@yopmail.com    worker  
  757    Ilse    Sherrie    Ilse.Sherrie@yopmail.com    developer  
  758    Marylou    Gladstone    Marylou.Gladstone@yopmail.com    worker  
  759    Ericka    Giff    Ericka.Giff@yopmail.com    police officer  
  760    Marleah    Pillsbury    Marleah.Pillsbury@yopmail.com    firefighter  
  761    Florencia    Olin    Florencia.Olin@yopmail.com    developer  
  762    Lizzie    Iphlgenia    Lizzie.Iphlgenia@yopmail.com    police officer  
  763    Patricia    Grobe    Patricia.Grobe@yopmail.com    police officer  
  764    Violet    Thilda    Violet.Thilda@yopmail.com    worker  
  765    Inga    Kunin    Inga.Kunin@yopmail.com    worker  
  766    Hollie    Gilmour    Hollie.Gilmour@yopmail.com    police officer  
  767    Veda    Imelida    Veda.Imelida@yopmail.com    worker  
  768    Max    Lail    Max.Lail@yopmail.com    firefighter  
  769    Madelle    Cath    Madelle.Cath@yopmail.com    firefighter  
  770    Kassey    Allys    Kassey.Allys@yopmail.com    doctor  
  771    Natka    Macey    Natka.Macey@yopmail.com    doctor  
  772    Farrah    Jerold    Farrah.Jerold@yopmail.com    police officer  
  773    Britte    Moina    Britte.Moina@yopmail.com    doctor  
  774    Bernardine    Etom    Bernardine.Etom@yopmail.com    worker  
  775    Nollie    McGrody    Nollie.McGrody@yopmail.com    developer  
  776    Alyda    Astra    Alyda.Astra@yopmail.com    firefighter  
  777    Hope    Pettiford    Hope.Pettiford@yopmail.com    developer  
  778    Fawne    Tannie    Fawne.Tannie@yopmail.com    firefighter  
  779    Jeanna    Sibyls    Jeanna.Sibyls@yopmail.com    worker  
  780    Kassey    Pauly    Kassey.Pauly@yopmail.com    worker  
  781    Basia    Chesna    Basia.Chesna@yopmail.com    doctor  
  782    Caryl    Wu    Caryl.Wu@yopmail.com    doctor  
  783    Joy    Sibyls    Joy.Sibyls@yopmail.com    doctor  
  784    Dale    Kirbee    Dale.Kirbee@yopmail.com    developer  
  785    Jsandye    Doig    Jsandye.Doig@yopmail.com    doctor  
  786    Lynnea    Llovera    Lynnea.Llovera@yopmail.com    firefighter  
  787    Tamqrah    Wilona    Tamqrah.Wilona@yopmail.com    police officer  
  788    Kenna    Emmaline    Kenna.Emmaline@yopmail.com    police officer  
  789    Cindelyn    Garlinda    Cindelyn.Garlinda@yopmail.com    doctor  
  790    Jessy    Shields    Jessy.Shields@yopmail.com    worker  
  791    Annora    Boycey    Annora.Boycey@yopmail.com    police officer  
  792    Oona    Shuler    Oona.Shuler@yopmail.com    doctor  
  793    Zia    Albertine    Zia.Albertine@yopmail.com    firefighter  
  794    Chrystel    Alabaster    Chrystel.Alabaster@yopmail.com    police officer  
  795    Jinny    Hedve    Jinny.Hedve@yopmail.com    police officer  
  796    Nerta    Papageno    Nerta.Papageno@yopmail.com    worker  
  797    Nariko    Astra    Nariko.Astra@yopmail.com    police officer  
  798    Bertine    Dawkins    Bertine.Dawkins@yopmail.com    firefighter  
  799    Amelia    Goddard    Amelia.Goddard@yopmail.com    developer  
  800    Gretal    Clywd    Gretal.Clywd@yopmail.com    developer  
  801    Gui    Amadas    Gui.Amadas@yopmail.com    doctor  
  802    Florie    Milson    Florie.Milson@yopmail.com    developer  
  803    Belinda    Craggie    Belinda.Craggie@yopmail.com    developer  
  804    Daune    Swanhildas    Daune.Swanhildas@yopmail.com    developer  
  805    Codie    Jenness    Codie.Jenness@yopmail.com    doctor  
  806    Millie    Halsey    Millie.Halsey@yopmail.com    police officer  
  807    Karina    Hieronymus    Karina.Hieronymus@yopmail.com    firefighter  
  808    Lauryn    Lia    Lauryn.Lia@yopmail.com    developer  
  809    Sybille    Friede    Sybille.Friede@yopmail.com    police officer  
  810    Flo    Paine    Flo.Paine@yopmail.com    police officer  
  811    Glynnis    Skell    Glynnis.Skell@yopmail.com    developer  
  812    Dorthy    Candy    Dorthy.Candy@yopmail.com    developer  
  813    Anica    Robertson    Anica.Robertson@yopmail.com    doctor  
  814    Zaria    Gabrielli    Zaria.Gabrielli@yopmail.com    police officer  
  815    Marsiella    Cecile    Marsiella.Cecile@yopmail.com    doctor  
  816    Starla    Merat    Starla.Merat@yopmail.com    doctor  
  817    Sallie    Brenn    Sallie.Brenn@yopmail.com    worker  
  818    Ira    Strephon    Ira.Strephon@yopmail.com    doctor  
  819    Jinny    Johanna    Jinny.Johanna@yopmail.com    developer  
  820    Desirae    Christal    Desirae.Christal@yopmail.com    doctor  
  821    Myrtice    Skurnik    Myrtice.Skurnik@yopmail.com    worker  
  822    Shel    Vins    Shel.Vins@yopmail.com    developer  
  823    Roz    Gaynor    Roz.Gaynor@yopmail.com    doctor  
  824    Fina    Stacy    Fina.Stacy@yopmail.com    doctor  
  825    Nariko    Hashim    Nariko.Hashim@yopmail.com    firefighter  
  826    Alisha    Junie    Alisha.Junie@yopmail.com    doctor  
  827    Stephanie    Eugenia    Stephanie.Eugenia@yopmail.com    developer  
  828    Tori    Gower    Tori.Gower@yopmail.com    police officer  
  829    Lulita    Mike    Lulita.Mike@yopmail.com    firefighter  
  830    Gaylene    Fitzsimmons    Gaylene.Fitzsimmons@yopmail.com    doctor  
  831    Tori    Naashom    Tori.Naashom@yopmail.com    firefighter  
  832    Loree    Deegan    Loree.Deegan@yopmail.com    doctor  
  833    Zondra    Merna    Zondra.Merna@yopmail.com    firefighter  
  834    Raf    Rocray    Raf.Rocray@yopmail.com    firefighter  
  835    Fawne    Destinee    Fawne.Destinee@yopmail.com    worker  
  836    Dagmar    Alabaster    Dagmar.Alabaster@yopmail.com    doctor  
  837    Jordan    Anyah    Jordan.Anyah@yopmail.com    worker  
  838    Misha    Odysseus    Misha.Odysseus@yopmail.com    worker  
  839    Teddie    Amasa    Teddie.Amasa@yopmail.com    doctor  
  840    Nanete    Hieronymus    Nanete.Hieronymus@yopmail.com    doctor  
  841    Chloris    Jary    Chloris.Jary@yopmail.com    police officer  
  842    Caryl    Dearborn    Caryl.Dearborn@yopmail.com    police officer  
  843    Karlee    Dielu    Karlee.Dielu@yopmail.com    police officer  
  844    Harmonia    Nerita    Harmonia.Nerita@yopmail.com    firefighter  
  845    Melodie    Andrel    Melodie.Andrel@yopmail.com    doctor  
  846    Nanete    Brady    Nanete.Brady@yopmail.com    developer  
  847    Leontine    Evangelia    Leontine.Evangelia@yopmail.com    firefighter  
  848    Courtnay    Peonir    Courtnay.Peonir@yopmail.com    developer  
  849    Ann-Marie    Ellerey    Ann-Marie.Ellerey@yopmail.com    worker  
  850    Tobe    Pascia    Tobe.Pascia@yopmail.com    firefighter  
  851    Marcelline    Penelopa    Marcelline.Penelopa@yopmail.com    firefighter  
  852    Dorice    Lacombe    Dorice.Lacombe@yopmail.com    firefighter  
  853    Trixi    Hunfredo    Trixi.Hunfredo@yopmail.com    police officer  
  854    Joy    Oscar    Joy.Oscar@yopmail.com    firefighter  
  855    Regina    Seligman    Regina.Seligman@yopmail.com    police officer  
  856    Roz    Hilbert    Roz.Hilbert@yopmail.com    firefighter  
  857    Maye    Kirbee    Maye.Kirbee@yopmail.com    developer  
  858    Sidoney    Friede    Sidoney.Friede@yopmail.com    developer  
  859    Renae    Elsinore    Renae.Elsinore@yopmail.com    developer  
  860    Jacenta    Rosette    Jacenta.Rosette@yopmail.com    doctor  
  861    Codie    Poppy    Codie.Poppy@yopmail.com    police officer  
  862    Sallie    Sherrie    Sallie.Sherrie@yopmail.com    doctor  
  863    Reeba    Podvin    Reeba.Podvin@yopmail.com    firefighter  
  864    Madalyn    Ilka    Madalyn.Ilka@yopmail.com    firefighter  
  865    Tatiania    Annabella    Tatiania.Annabella@yopmail.com    police officer  
  866    Leona    Gherardo    Leona.Gherardo@yopmail.com    developer  
  867    Hope    Jerold    Hope.Jerold@yopmail.com    police officer  
  868    Valeda    Norrie    Valeda.Norrie@yopmail.com    police officer  
  869    Rosaline    Craggie    Rosaline.Craggie@yopmail.com    police officer  
  870    Adelle    Wildermuth    Adelle.Wildermuth@yopmail.com    police officer  
  871    Julieta    Raama    Julieta.Raama@yopmail.com    developer  
  872    Alleen    Alrich    Alleen.Alrich@yopmail.com    doctor  
  873    Correy    Mathilde    Correy.Mathilde@yopmail.com    developer  
  874    Tera    Tyson    Tera.Tyson@yopmail.com    worker  
  875    Maisey    Terrence    Maisey.Terrence@yopmail.com    police officer  
  876    Tonia    Mauer    Tonia.Mauer@yopmail.com    police officer  
  877    Claudina    Modie    Claudina.Modie@yopmail.com    developer  
  878    Michaelina    Devlen    Michaelina.Devlen@yopmail.com    developer  
  879    Jenda    Granoff    Jenda.Granoff@yopmail.com    developer  
  880    Lonnie    Shaddock    Lonnie.Shaddock@yopmail.com    doctor  
  881    Blondelle    Firmin    Blondelle.Firmin@yopmail.com    doctor  
  882    Romona    Charity    Romona.Charity@yopmail.com    developer  
  883    Gilligan    Vastah    Gilligan.Vastah@yopmail.com    developer  
  884    Norine    Rocray    Norine.Rocray@yopmail.com    developer  
  885    Odessa    Stevy    Odessa.Stevy@yopmail.com    developer  
  886    Riannon    Baudin    Riannon.Baudin@yopmail.com    worker  
  887    Quintina    Schwejda    Quintina.Schwejda@yopmail.com    police officer  
  888    Tybie    Vilma    Tybie.Vilma@yopmail.com    doctor  
  889    Raf    Deny    Raf.Deny@yopmail.com    firefighter  
  890    Hettie    Deegan    Hettie.Deegan@yopmail.com    doctor  
  891    Dale    Vanni    Dale.Vanni@yopmail.com    firefighter  
  892    Kalina    Lattie    Kalina.Lattie@yopmail.com    firefighter  
  893    Averyl    Jehu    Averyl.Jehu@yopmail.com    doctor  
  894    Elbertina    Dichy    Elbertina.Dichy@yopmail.com    police officer  
  895    Jinny    Drus    Jinny.Drus@yopmail.com    worker  
  896    Caryl    Etom    Caryl.Etom@yopmail.com    firefighter  
  897    Dawn    Quinn    Dawn.Quinn@yopmail.com    worker  
  898    Mariann    Joeann    Mariann.Joeann@yopmail.com    doctor  
  899    Orsola    Lenny    Orsola.Lenny@yopmail.com    doctor  
  900    Christal    Artie    Christal.Artie@yopmail.com    doctor  
  901    Tera    MacIntosh    Tera.MacIntosh@yopmail.com    doctor  
  902    Tori    Eliathas    Tori.Eliathas@yopmail.com    worker  
  903    Linet    Zenas    Linet.Zenas@yopmail.com    worker  
  904    Lily    Dorine    Lily.Dorine@yopmail.com    doctor  
  905    Courtnay    Alrich    Courtnay.Alrich@yopmail.com    police officer  
  906    Alia    Junie    Alia.Junie@yopmail.com    developer  
  907    Lila    Pip    Lila.Pip@yopmail.com    doctor  
  908    Ellette    Cherianne    Ellette.Cherianne@yopmail.com    firefighter  
  909    Angelique    Thornburg    Angelique.Thornburg@yopmail.com    police officer  
  910    Cathyleen    Publia    Cathyleen.Publia@yopmail.com    doctor  
  911    Georgetta    Weinreb    Georgetta.Weinreb@yopmail.com    developer  
  912    Helsa    Francene    Helsa.Francene@yopmail.com    firefighter  
  913    Christy    Louanna    Christy.Louanna@yopmail.com    developer  
  914    Nickie    Matthew    Nickie.Matthew@yopmail.com    developer  
  915    Vonny    Kat    Vonny.Kat@yopmail.com    developer  
  916    Theodora    Gerge    Theodora.Gerge@yopmail.com    worker  
  917    Leeanne    Kylander    Leeanne.Kylander@yopmail.com    developer  
  918    Orsola    Billye    Orsola.Billye@yopmail.com    developer  
  919    Alleen    Oneida    Alleen.Oneida@yopmail.com    worker  
  920    Cordi    Jalbert    Cordi.Jalbert@yopmail.com    developer  
  921    Hildegaard    Tacye    Hildegaard.Tacye@yopmail.com    worker  
  922    Pierette    Seligman    Pierette.Seligman@yopmail.com    police officer  
  923    Jordan    Gavrila    Jordan.Gavrila@yopmail.com    firefighter  
  924    Kirbee    Curren    Kirbee.Curren@yopmail.com    developer  
  925    Kerrin    Behre    Kerrin.Behre@yopmail.com    developer  
  926    Fredericka    Anderea    Fredericka.Anderea@yopmail.com    firefighter  
  927    Rori    Ramona    Rori.Ramona@yopmail.com    police officer  
  928    Gerrie    Elisha    Gerrie.Elisha@yopmail.com    developer  
  929    Nyssa    Bronk    Nyssa.Bronk@yopmail.com    developer  
  930    Nataline    Glenden    Nataline.Glenden@yopmail.com    developer  
  931    Carilyn    Knowling    Carilyn.Knowling@yopmail.com    doctor  
  932    Moyna    Kimmie    Moyna.Kimmie@yopmail.com    developer  
  933    Aubrie    Suanne    Aubrie.Suanne@yopmail.com    police officer  
  934    Gui    Minetta    Gui.Minetta@yopmail.com    police officer  
  935    Kerrin    Maryanne    Kerrin.Maryanne@yopmail.com    firefighter  
  936    Antonietta    Blase    Antonietta.Blase@yopmail.com    developer  
  937    Arlena    Grobe    Arlena.Grobe@yopmail.com    police officer  
  938    Brana    Si    Brana.Si@yopmail.com    firefighter  
  939    Tani    Campball    Tani.Campball@yopmail.com    developer  
  940    Jenda    Podvin    Jenda.Podvin@yopmail.com    police officer  
  941    Lizzie    Earlie    Lizzie.Earlie@yopmail.com    doctor  
  942    Therine    Kirstin    Therine.Kirstin@yopmail.com    worker  
  943    Cissiee    Warthman    Cissiee.Warthman@yopmail.com    doctor  
  944    Courtnay    Corrine    Courtnay.Corrine@yopmail.com    doctor  
  945    Neila    Edvard    Neila.Edvard@yopmail.com    worker  
  946    Janeczka    Buffum    Janeczka.Buffum@yopmail.com    police officer  
  947    Tybie    Wadell    Tybie.Wadell@yopmail.com    worker  
  948    Blake    Adore    Blake.Adore@yopmail.com    police officer  
  949    Lexine    Ramona    Lexine.Ramona@yopmail.com    worker  
  950    Dione    Melleta    Dione.Melleta@yopmail.com    doctor  
  951    Netty    Ariella    Netty.Ariella@yopmail.com    developer  
  952    Dennie    Publia    Dennie.Publia@yopmail.com    developer  
  953    Carmencita    Bouchard    Carmencita.Bouchard@yopmail.com    police officer  
  954    Chere    Schroth    Chere.Schroth@yopmail.com    worker  
  955    Adore    Curren    Adore.Curren@yopmail.com    firefighter  
  956    Dotty    Cassius    Dotty.Cassius@yopmail.com    developer  
  957    Corene    Tayib    Corene.Tayib@yopmail.com    developer  
  958    Rhea    Jarib    Rhea.Jarib@yopmail.com    worker  
  959    Cecile    Katrine    Cecile.Katrine@yopmail.com    police officer  
  960    Susette    Alabaster    Susette.Alabaster@yopmail.com    developer  
  961    Estell    Niccolo    Estell.Niccolo@yopmail.com    firefighter  
  962    Kaja    Abram    Kaja.Abram@yopmail.com    police officer  
  963    Brooks    Raseda    Brooks.Raseda@yopmail.com    firefighter  
  964    Joane    Vacuva    Joane.Vacuva@yopmail.com    firefighter  
  965    Gisela    Bergman    Gisela.Bergman@yopmail.com    doctor  
  966    Gusty    Kannry    Gusty.Kannry@yopmail.com    doctor  
  967    Paola    Ahab    Paola.Ahab@yopmail.com    firefighter  
  968    Doro    Georas    Doro.Georas@yopmail.com    police officer  
  969    Maud    Angelis    Maud.Angelis@yopmail.com    worker  
  970    Jinny    Goode    Jinny.Goode@yopmail.com    firefighter  
  971    Roberta    Earlie    Roberta.Earlie@yopmail.com    developer  
  972    Lulita    Koziara    Lulita.Koziara@yopmail.com    worker  
  973    Jackie    Guthrie    Jackie.Guthrie@yopmail.com    doctor  
  974    Tamqrah    Ursulette    Tamqrah.Ursulette@yopmail.com    firefighter  
  975    Melisent    Fancie    Melisent.Fancie@yopmail.com    doctor  
  976    Fawne    Bord    Fawne.Bord@yopmail.com    worker  
  977    Marnia    Cloris    Marnia.Cloris@yopmail.com    worker  
  978    Fredericka    Lemuela    Fredericka.Lemuela@yopmail.com    worker  
  979    Claresta    Wildermuth    Claresta.Wildermuth@yopmail.com    doctor  
  980    Desirae    Shirberg    Desirae.Shirberg@yopmail.com    doctor  
  981    Therine    Pauly    Therine.Pauly@yopmail.com    firefighter  
  982    Tamqrah    Chinua    Tamqrah.Chinua@yopmail.com    worker  
  983    Melanie    Tufts    Melanie.Tufts@yopmail.com    doctor  
  984    Dolli    Durante    Dolli.Durante@yopmail.com    worker  
  985    Kimberley    Faust    Kimberley.Faust@yopmail.com    doctor  
  986    Heida    Elvyn    Heida.Elvyn@yopmail.com    developer  
  987    Joelly    Felizio    Joelly.Felizio@yopmail.com    developer  
  988    Maye    Tatianas    Maye.Tatianas@yopmail.com    worker  
  989    Feliza    Loring    Feliza.Loring@yopmail.com    developer  
  990    Beatriz    Cottle    Beatriz.Cottle@yopmail.com    worker  
  991    Elsie    Vorster    Elsie.Vorster@yopmail.com    worker  
  992    Kayla    Melony    Kayla.Melony@yopmail.com    doctor  
  993    Daphne    Vastah    Daphne.Vastah@yopmail.com    developer  
  994    Sissy    Emmy    Sissy.Emmy@yopmail.com    doctor  
  995    Zaria    McAdams    Zaria.McAdams@yopmail.com    developer  
  996    Philis    Amasa    Philis.Amasa@yopmail.com    doctor  
  997    Arabel    Stav    Arabel.Stav@yopmail.com    developer  
  998    Lesly    Wilkinson    Lesly.Wilkinson@yopmail.com    doctor  
  999    Marti    Darrell    Marti.Darrell@yopmail.com    doctor  
  1000    Emelina    Nore    Emelina.Nore@yopmail.com    firefighter  
  1001    Averyl    Ludewig    Averyl.Ludewig@yopmail.com    doctor  
  1002    Raf    Noelyn    Raf.Noelyn@yopmail.com    doctor  
  1003    Celisse    Chabot    Celisse.Chabot@yopmail.com    firefighter  
  1004    Bernardine    Hoenack    Bernardine.Hoenack@yopmail.com    developer  
  1005    Evaleen    Remmer    Evaleen.Remmer@yopmail.com    developer  
  1006    Ida    Hillel    Ida.Hillel@yopmail.com    police officer  
  1007    Tobe    Ackerley    Tobe.Ackerley@yopmail.com    developer  
  1008    Marika    Quent    Marika.Quent@yopmail.com    worker  
  1009    Yolane    Irmine    Yolane.Irmine@yopmail.com    developer  
  1010    Babita    Jehu    Babita.Jehu@yopmail.com    firefighter  
  1011    Annaliese    Seagraves    Annaliese.Seagraves@yopmail.com    police officer  
  1012    Cyb    Romelda    Cyb.Romelda@yopmail.com    doctor  
  1013    Caritta    Rodmann    Caritta.Rodmann@yopmail.com    police officer  
  1014    Cindelyn    Lindemann    Cindelyn.Lindemann@yopmail.com    worker  
  1015    Netty    Francyne    Netty.Francyne@yopmail.com    developer  
  1016    Alex    Libna    Alex.Libna@yopmail.com    doctor  
  1017    Elfreda    Daniele    Elfreda.Daniele@yopmail.com    police officer  
  1018    Kirstin    Raseda    Kirstin.Raseda@yopmail.com    doctor  
  1019    Hollie    Jagir    Hollie.Jagir@yopmail.com    doctor  
  1020    Damaris    Berard    Damaris.Berard@yopmail.com    police officer  
  1021    Hannis    Truc    Hannis.Truc@yopmail.com    firefighter  
  1022    Rhoda    Howlyn    Rhoda.Howlyn@yopmail.com    worker  
  1023    Rori    An    Rori.An@yopmail.com    police officer  
  1024    Sheelagh    Bergman    Sheelagh.Bergman@yopmail.com    developer  
  1025    Marti    Carvey    Marti.Carvey@yopmail.com    developer  
  1026    Paule    Baylor    Paule.Baylor@yopmail.com    developer  
  1027    Valera    Pyle    Valera.Pyle@yopmail.com    firefighter  
  1028    Meriel    Valoniah    Meriel.Valoniah@yopmail.com    firefighter  
  1029    Kellen    Mintz    Kellen.Mintz@yopmail.com    developer  
  1030    Libbie    Carolin    Libbie.Carolin@yopmail.com    police officer  
  1031    Beth    Slifka    Beth.Slifka@yopmail.com    doctor  
  1032    Tersina    Ciapas    Tersina.Ciapas@yopmail.com    police officer  
  1033    Roslyn    Tufts    Roslyn.Tufts@yopmail.com    doctor  
  1034    Nyssa    Haerr    Nyssa.Haerr@yopmail.com    firefighter  
  1035    Jemie    Merriott    Jemie.Merriott@yopmail.com    worker  
  1036    Willetta    Franza    Willetta.Franza@yopmail.com    firefighter  
  1037    Tamqrah    Pearse    Tamqrah.Pearse@yopmail.com    firefighter  
  1038    Odessa    Terencio    Odessa.Terencio@yopmail.com    firefighter  
  1039    Ronna    Kelula    Ronna.Kelula@yopmail.com    police officer  
  1040    Correy    Frendel    Correy.Frendel@yopmail.com    worker  
  1041    Rubie    Parsaye    Rubie.Parsaye@yopmail.com    police officer  
  1042    Almeta    Bethany    Almeta.Bethany@yopmail.com    worker  
  1043    Kerrin    Uund    Kerrin.Uund@yopmail.com    developer  
  1044    Vinita    Verger    Vinita.Verger@yopmail.com    firefighter  
  1045    Sean    Izaak    Sean.Izaak@yopmail.com    firefighter  
  1046    Merci    Lutero    Merci.Lutero@yopmail.com    police officer  
  1047    Zia    Gherardo    Zia.Gherardo@yopmail.com    police officer  
  1048    Candi    Woodberry    Candi.Woodberry@yopmail.com    firefighter  
  1049    Angelique    Franza    Angelique.Franza@yopmail.com    doctor  
  1050    Penelopa    Devlen    Penelopa.Devlen@yopmail.com    developer  
  1051    Paola    Monk    Paola.Monk@yopmail.com    worker  
  1052    Eadie    Ries    Eadie.Ries@yopmail.com    firefighter  
  1053    Siana    Colleen    Siana.Colleen@yopmail.com    firefighter  
  1054    Catharine    Milson    Catharine.Milson@yopmail.com    developer  
  1055    Dulcinea    Thomasina    Dulcinea.Thomasina@yopmail.com    police officer  
  1056    Darlleen    Dalli    Darlleen.Dalli@yopmail.com    firefighter  
  1057    Annecorinne    Giff    Annecorinne.Giff@yopmail.com    doctor  
  1058    Melodie    Standing    Melodie.Standing@yopmail.com    police officer  
  1059    Winny    Lail    Winny.Lail@yopmail.com    police officer  
  1060    Damaris    Sibyls    Damaris.Sibyls@yopmail.com    developer  
  1061    Meg    Maiah    Meg.Maiah@yopmail.com    doctor  
  1062    Robbi    Alice    Robbi.Alice@yopmail.com    firefighter  
  1063    Ellette    Rugen    Ellette.Rugen@yopmail.com    doctor  
  1064    Kirbee    Sacken    Kirbee.Sacken@yopmail.com    doctor  
  1065    Nelle    Zuzana    Nelle.Zuzana@yopmail.com    doctor  
  1066    Priscilla    Smitt    Priscilla.Smitt@yopmail.com    doctor  
  1067    Cyb    Redmond    Cyb.Redmond@yopmail.com    police officer  
  1068    Susan    Kermit    Susan.Kermit@yopmail.com    doctor  
  1069    Sue    Lesley    Sue.Lesley@yopmail.com    doctor  
  1070    Lyssa    Hull    Lyssa.Hull@yopmail.com    worker  
  1071    Yvonne    Berard    Yvonne.Berard@yopmail.com    police officer  
  1072    Gale    Macey    Gale.Macey@yopmail.com    firefighter  
  1073    Ethel    Oster    Ethel.Oster@yopmail.com    firefighter  
  1074    Regina    Kalinda    Regina.Kalinda@yopmail.com    developer  
  1075    Marita    Uund    Marita.Uund@yopmail.com    police officer  
  1076    Elfreda    Irmine    Elfreda.Irmine@yopmail.com    worker  
  1077    Winny    Taam    Winny.Taam@yopmail.com    firefighter  
  1078    Catrina    Donoghue    Catrina.Donoghue@yopmail.com    firefighter  
  1079    Chastity    Cavan    Chastity.Cavan@yopmail.com    doctor  
  1080    Margette    Ietta    Margette.Ietta@yopmail.com    firefighter  
  1081    Atlanta    Corrine    Atlanta.Corrine@yopmail.com    police officer  
  1082    Leeanne    Kiyoshi    Leeanne.Kiyoshi@yopmail.com    police officer  
  1083    Raf    Bonucci    Raf.Bonucci@yopmail.com    police officer  
  1084    Catharine    Caitlin    Catharine.Caitlin@yopmail.com    worker  
  1085    Mallory    Earlie    Mallory.Earlie@yopmail.com    worker  
  1086    Addia    Jeanne    Addia.Jeanne@yopmail.com    developer  
  1087    Adele    Melony    Adele.Melony@yopmail.com    developer  
  1088    Lonnie    Felecia    Lonnie.Felecia@yopmail.com    worker  
  1089    Alyda    Thornburg    Alyda.Thornburg@yopmail.com    police officer  
  1090    Roslyn    Clara    Roslyn.Clara@yopmail.com    worker  
  1091    Sashenka    Medrek    Sashenka.Medrek@yopmail.com    developer  
  1092    Maurene    Warthman    Maurene.Warthman@yopmail.com    doctor  
  1093    Britte    Leffen    Britte.Leffen@yopmail.com    worker  
  1094    Roxane    Poppy    Roxane.Poppy@yopmail.com    worker  
  1095    Melina    Raimondo    Melina.Raimondo@yopmail.com    worker  
  1096    Marcy    Dunkin    Marcy.Dunkin@yopmail.com    police officer  
  1097    Cristine    Sherrie    Cristine.Sherrie@yopmail.com    developer  
  1098    Margalo    Swigart    Margalo.Swigart@yopmail.com    police officer  
  1099    Kimberley    Ariella    Kimberley.Ariella@yopmail.com    police officer  