id,firstname,lastname,email,email2,profession
100,Mireielle,Bow,Mireielle.Bow@yopmail.com,Mireielle.Bow@gmail.com,doctor
101,Kerrin,Eachern,Kerrin.Eachern@yopmail.com,Kerrin.Eachern@gmail.com,police officer
102,Joeann,Hessler,Joeann.Hessler@yopmail.com,Joeann.Hessler@gmail.com,developer
103,Layla,Thunell,Layla.Thunell@yopmail.com,Layla.Thunell@gmail.com,firefighter
104,Elsie,Jagir,Elsie.Jagir@yopmail.com,Elsie.Jagir@gmail.com,worker
105,Mariann,Shanley,Mariann.Shanley@yopmail.com,Mariann.Shanley@gmail.com,police officer
106,Corly,Flyn,Corly.Flyn@yopmail.com,Corly.Flyn@gmail.com,doctor
107,Sue,Pelagias,Sue.Pelagias@yopmail.com,Sue.Pelagias@gmail.com,worker
108,Kristina,Vivle,Kristina.Vivle@yopmail.com,Kristina.Vivle@gmail.com,doctor
109,Liana,Kendrick,Liana.Kendrick@yopmail.com,Liana.Kendrick@gmail.com,doctor
110,Teddie,Torray,Teddie.Torray@yopmail.com,Teddie.Torray@gmail.com,developer
111,Lacie,Chick,Lacie.Chick@yopmail.com,Lacie.Chick@gmail.com,developer
112,Madalyn,Ummersen,Madalyn.Ummersen@yopmail.com,Madalyn.Ummersen@gmail.com,developer
113,Gusella,Raimondo,Gusella.Raimondo@yopmail.com,Gusella.Raimondo@gmail.com,police officer
114,Karly,Anselmi,Karly.Anselmi@yopmail.com,Karly.Anselmi@gmail.com,worker
115,Aeriela,Codding,Aeriela.Codding@yopmail.com,Aeriela.Codding@gmail.com,police officer
116,Peri,Adlare,Peri.Adlare@yopmail.com,Peri.Adlare@gmail.com,firefighter
117,Nyssa,Hewitt,Nyssa.Hewitt@yopmail.com,Nyssa.Hewitt@gmail.com,developer
118,Steffane,Nedrud,Steffane.Nedrud@yopmail.com,Steffane.Nedrud@gmail.com,worker
119,Katharina,Chapland,Katharina.Chapland@yopmail.com,Katharina.Chapland@gmail.com,developer
120,Ebonee,Dahlia,Ebonee.Dahlia@yopmail.com,Ebonee.Dahlia@gmail.com,firefighter
121,Clary,Velick,Clary.Velick@yopmail.com,Clary.Velick@gmail.com,developer
122,Annabela,Si,Annabela.Si@yopmail.com,Annabela.Si@gmail.com,doctor
123,Jerry,Elisha,Jerry.Elisha@yopmail.com,Jerry.Elisha@gmail.com,developer
124,Dorthy,Yoko,Dorthy.Yoko@yopmail.com,Dorthy.Yoko@gmail.com,developer
125,Alisha,Noman,Alisha.Noman@yopmail.com,Alisha.Noman@gmail.com,doctor
126,Melodie,Kellby,Melodie.Kellby@yopmail.com,Melodie.Kellby@gmail.com,worker
127,Penelopa,Mich,Penelopa.Mich@yopmail.com,Penelopa.Mich@gmail.com,firefighter
128,Emma,Leopold,Emma.Leopold@yopmail.com,Emma.Leopold@gmail.com,worker
129,Tori,Palocz,Tori.Palocz@yopmail.com,Tori.Palocz@gmail.com,doctor
130,Jacenta,Mitzi,Jacenta.Mitzi@yopmail.com,Jacenta.Mitzi@gmail.com,police officer
131,Candi,Schwejda,Candi.Schwejda@yopmail.com,Candi.Schwejda@gmail.com,doctor
132,Blondelle,Shaddock,Blondelle.Shaddock@yopmail.com,Blondelle.Shaddock@gmail.com,developer
133,Marguerite,Payson,Marguerite.Payson@yopmail.com,Marguerite.Payson@gmail.com,worker
134,Kore,Buttaro,Kore.Buttaro@yopmail.com,Kore.Buttaro@gmail.com,police officer
135,Zsa Zsa,Bord,Zsa Zsa.Bord@yopmail.com,Zsa Zsa.Bord@gmail.com,firefighter
136,Olivette,Gaal,Olivette.Gaal@yopmail.com,Olivette.Gaal@gmail.com,police officer
137,Cindelyn,Carbo,Cindelyn.Carbo@yopmail.com,Cindelyn.Carbo@gmail.com,doctor
138,Selma,Allare,Selma.Allare@yopmail.com,Selma.Allare@gmail.com,police officer
139,Jaclyn,Klotz,Jaclyn.Klotz@yopmail.com,Jaclyn.Klotz@gmail.com,developer
140,Kellen,Bow,Kellen.Bow@yopmail.com,Kellen.Bow@gmail.com,developer
141,Emelina,Karl,Emelina.Karl@yopmail.com,Emelina.Karl@gmail.com,firefighter
142,Cristabel,Oster,Cristabel.Oster@yopmail.com,Cristabel.Oster@gmail.com,doctor
143,Esmeralda,Leonard,Esmeralda.Leonard@yopmail.com,Esmeralda.Leonard@gmail.com,firefighter
144,Frank,Cyrie,Frank.Cyrie@yopmail.com,Frank.Cyrie@gmail.com,doctor
145,Catrina,Odysseus,Catrina.Odysseus@yopmail.com,Catrina.Odysseus@gmail.com,firefighter
146,Anallese,Chinua,Anallese.Chinua@yopmail.com,Anallese.Chinua@gmail.com,police officer
147,Isa,Salvidor,Isa.Salvidor@yopmail.com,Isa.Salvidor@gmail.com,firefighter
148,Raina,Melan,Raina.Melan@yopmail.com,Raina.Melan@gmail.com,doctor
149,Tera,Wilona,Tera.Wilona@yopmail.com,Tera.Wilona@gmail.com,firefighter
150,Dominga,Liebermann,Dominga.Liebermann@yopmail.com,Dominga.Liebermann@gmail.com,developer
151,Sissy,Khorma,Sissy.Khorma@yopmail.com,Sissy.Khorma@gmail.com,doctor
152,Carly,Nickola,Carly.Nickola@yopmail.com,Carly.Nickola@gmail.com,firefighter
153,Lorie,Ventre,Lorie.Ventre@yopmail.com,Lorie.Ventre@gmail.com,doctor
154,Violet,Honoria,Violet.Honoria@yopmail.com,Violet.Honoria@gmail.com,police officer
155,Christian,Cimbura,Christian.Cimbura@yopmail.com,Christian.Cimbura@gmail.com,developer
156,Renae,Donell,Renae.Donell@yopmail.com,Renae.Donell@gmail.com,police officer
157,Yvonne,Ethban,Yvonne.Ethban@yopmail.com,Yvonne.Ethban@gmail.com,doctor
158,Fernande,Kat,Fernande.Kat@yopmail.com,Fernande.Kat@gmail.com,doctor
159,Audrie,Yuille,Audrie.Yuille@yopmail.com,Audrie.Yuille@gmail.com,doctor
160,Ivett,Junie,Ivett.Junie@yopmail.com,Ivett.Junie@gmail.com,doctor
161,Elbertina,Lea,Elbertina.Lea@yopmail.com,Elbertina.Lea@gmail.com,police officer
162,Cherilyn,Munn,Cherilyn.Munn@yopmail.com,Cherilyn.Munn@gmail.com,developer
163,Frank,Suzetta,Frank.Suzetta@yopmail.com,Frank.Suzetta@gmail.com,police officer
164,Hope,Lory,Hope.Lory@yopmail.com,Hope.Lory@gmail.com,developer
165,Gwenneth,Kenwood,Gwenneth.Kenwood@yopmail.com,Gwenneth.Kenwood@gmail.com,doctor
166,Shaine,Jobi,Shaine.Jobi@yopmail.com,Shaine.Jobi@gmail.com,worker
167,Calla,Bertold,Calla.Bertold@yopmail.com,Calla.Bertold@gmail.com,developer
168,Teriann,Egbert,Teriann.Egbert@yopmail.com,Teriann.Egbert@gmail.com,worker
169,Ashlee,Pettiford,Ashlee.Pettiford@yopmail.com,Ashlee.Pettiford@gmail.com,police officer
170,Corene,Saree,Corene.Saree@yopmail.com,Corene.Saree@gmail.com,developer
171,Clementine,Gino,Clementine.Gino@yopmail.com,Clementine.Gino@gmail.com,doctor
172,Arlena,Bartlett,Arlena.Bartlett@yopmail.com,Arlena.Bartlett@gmail.com,developer
173,Kaia,Millda,Kaia.Millda@yopmail.com,Kaia.Millda@gmail.com,developer
174,Rebeca,Hewitt,Rebeca.Hewitt@yopmail.com,Rebeca.Hewitt@gmail.com,police officer
175,Dulcinea,Melan,Dulcinea.Melan@yopmail.com,Dulcinea.Melan@gmail.com,police officer
176,Averyl,Gabrielli,Averyl.Gabrielli@yopmail.com,Averyl.Gabrielli@gmail.com,firefighter
177,Annecorinne,Wadell,Annecorinne.Wadell@yopmail.com,Annecorinne.Wadell@gmail.com,firefighter
178,Moyna,Garek,Moyna.Garek@yopmail.com,Moyna.Garek@gmail.com,firefighter
179,Genovera,Lory,Genovera.Lory@yopmail.com,Genovera.Lory@gmail.com,developer
180,Jaime,Magdalen,Jaime.Magdalen@yopmail.com,Jaime.Magdalen@gmail.com,worker
181,Annabela,Hull,Annabela.Hull@yopmail.com,Annabela.Hull@gmail.com,doctor
182,Alyda,Hull,Alyda.Hull@yopmail.com,Alyda.Hull@gmail.com,police officer
183,Basia,Gino,Basia.Gino@yopmail.com,Basia.Gino@gmail.com,worker
184,Elka,Herrera,Elka.Herrera@yopmail.com,Elka.Herrera@gmail.com,police officer
185,Alleen,Magnolia,Alleen.Magnolia@yopmail.com,Alleen.Magnolia@gmail.com,developer
186,Donnie,Sacken,Donnie.Sacken@yopmail.com,Donnie.Sacken@gmail.com,developer
187,Malina,Merriott,Malina.Merriott@yopmail.com,Malina.Merriott@gmail.com,firefighter
188,Clementine,Frendel,Clementine.Frendel@yopmail.com,Clementine.Frendel@gmail.com,developer
189,Fanny,Docilla,Fanny.Docilla@yopmail.com,Fanny.Docilla@gmail.com,doctor
190,Amara,Dulciana,Amara.Dulciana@yopmail.com,Amara.Dulciana@gmail.com,doctor
191,Ardenia,Erminia,Ardenia.Erminia@yopmail.com,Ardenia.Erminia@gmail.com,worker
192,Ernesta,Lubin,Ernesta.Lubin@yopmail.com,Ernesta.Lubin@gmail.com,developer
193,Consuela,Christal,Consuela.Christal@yopmail.com,Consuela.Christal@gmail.com,firefighter
194,Sheelagh,Tristram,Sheelagh.Tristram@yopmail.com,Sheelagh.Tristram@gmail.com,police officer
195,Dari,Kalinda,Dari.Kalinda@yopmail.com,Dari.Kalinda@gmail.com,worker
196,Misha,Moseley,Misha.Moseley@yopmail.com,Misha.Moseley@gmail.com,developer
197,Sibella,Emmy,Sibella.Emmy@yopmail.com,Sibella.Emmy@gmail.com,firefighter
198,Caryl,Pitt,Caryl.Pitt@yopmail.com,Caryl.Pitt@gmail.com,doctor
199,Anallese,Yoko,Anallese.Yoko@yopmail.com,Anallese.Yoko@gmail.com,worker
200,Valera,Brandice,Valera.Brandice@yopmail.com,Valera.Brandice@gmail.com,doctor
201,Millie,Dermott,Millie.Dermott@yopmail.com,Millie.Dermott@gmail.com,worker
202,Sophia,Stephie,Sophia.Stephie@yopmail.com,Sophia.Stephie@gmail.com,developer
203,Nonnah,Ilka,Nonnah.Ilka@yopmail.com,Nonnah.Ilka@gmail.com,police officer
204,Vonny,Raimondo,Vonny.Raimondo@yopmail.com,Vonny.Raimondo@gmail.com,police officer
205,Nessie,Noman,Nessie.Noman@yopmail.com,Nessie.Noman@gmail.com,developer
206,Catharine,Roxanna,Catharine.Roxanna@yopmail.com,Catharine.Roxanna@gmail.com,police officer
207,Latisha,Blisse,Latisha.Blisse@yopmail.com,Latisha.Blisse@gmail.com,firefighter
208,Sue,Annice,Sue.Annice@yopmail.com,Sue.Annice@gmail.com,developer
209,Carilyn,Codding,Carilyn.Codding@yopmail.com,Carilyn.Codding@gmail.com,doctor
210,Roslyn,Lymann,Roslyn.Lymann@yopmail.com,Roslyn.Lymann@gmail.com,developer
211,Wilma,Phaidra,Wilma.Phaidra@yopmail.com,Wilma.Phaidra@gmail.com,police officer
212,Ofilia,Pattin,Ofilia.Pattin@yopmail.com,Ofilia.Pattin@gmail.com,worker
213,Mellicent,Love,Mellicent.Love@yopmail.com,Mellicent.Love@gmail.com,doctor
214,Sonni,Arley,Sonni.Arley@yopmail.com,Sonni.Arley@gmail.com,police officer
215,Neila,Phi,Neila.Phi@yopmail.com,Neila.Phi@gmail.com,police officer
216,Joeann,Letsou,Joeann.Letsou@yopmail.com,Joeann.Letsou@gmail.com,worker
217,June,Rozanna,June.Rozanna@yopmail.com,June.Rozanna@gmail.com,worker
218,Bill,Ailyn,Bill.Ailyn@yopmail.com,Bill.Ailyn@gmail.com,police officer
219,Jolyn,Kaja,Jolyn.Kaja@yopmail.com,Jolyn.Kaja@gmail.com,firefighter
220,Linzy,Chauncey,Linzy.Chauncey@yopmail.com,Linzy.Chauncey@gmail.com,developer
221,Jobi,Delila,Jobi.Delila@yopmail.com,Jobi.Delila@gmail.com,worker
222,Corene,Martsen,Corene.Martsen@yopmail.com,Corene.Martsen@gmail.com,firefighter
223,Joleen,Dearborn,Joleen.Dearborn@yopmail.com,Joleen.Dearborn@gmail.com,firefighter
224,Elena,Adamsen,Elena.Adamsen@yopmail.com,Elena.Adamsen@gmail.com,firefighter
225,Lorie,Giff,Lorie.Giff@yopmail.com,Lorie.Giff@gmail.com,police officer
226,Cissiee,Modie,Cissiee.Modie@yopmail.com,Cissiee.Modie@gmail.com,firefighter
227,Natka,Eben,Natka.Eben@yopmail.com,Natka.Eben@gmail.com,police officer
228,Ursulina,Rolf,Ursulina.Rolf@yopmail.com,Ursulina.Rolf@gmail.com,developer
229,Corly,Bouchard,Corly.Bouchard@yopmail.com,Corly.Bouchard@gmail.com,developer
230,Paola,Yuille,Paola.Yuille@yopmail.com,Paola.Yuille@gmail.com,worker
231,Madeleine,Seligman,Madeleine.Seligman@yopmail.com,Madeleine.Seligman@gmail.com,firefighter
232,Max,Poll,Max.Poll@yopmail.com,Max.Poll@gmail.com,firefighter
233,Calla,Saunderson,Calla.Saunderson@yopmail.com,Calla.Saunderson@gmail.com,firefighter
234,Kathi,Reinke,Kathi.Reinke@yopmail.com,Kathi.Reinke@gmail.com,firefighter
235,Dyann,Hedve,Dyann.Hedve@yopmail.com,Dyann.Hedve@gmail.com,worker
236,Marika,Pauly,Marika.Pauly@yopmail.com,Marika.Pauly@gmail.com,developer
237,Raina,Heisel,Raina.Heisel@yopmail.com,Raina.Heisel@gmail.com,police officer
238,Jorry,Honoria,Jorry.Honoria@yopmail.com,Jorry.Honoria@gmail.com,worker
239,Jessamyn,Alrich,Jessamyn.Alrich@yopmail.com,Jessamyn.Alrich@gmail.com,worker
240,Tiffie,Rebecka,Tiffie.Rebecka@yopmail.com,Tiffie.Rebecka@gmail.com,firefighter
241,Marcy,Etom,Marcy.Etom@yopmail.com,Marcy.Etom@gmail.com,police officer
242,Oralee,Bury,Oralee.Bury@yopmail.com,Oralee.Bury@gmail.com,police officer
243,Nariko,Berl,Nariko.Berl@yopmail.com,Nariko.Berl@gmail.com,developer
244,Marcy,Alwin,Marcy.Alwin@yopmail.com,Marcy.Alwin@gmail.com,developer
245,Cyndie,Smitt,Cyndie.Smitt@yopmail.com,Cyndie.Smitt@gmail.com,developer
246,Carolina,Garlinda,Carolina.Garlinda@yopmail.com,Carolina.Garlinda@gmail.com,doctor
247,Justinn,Wu,Justinn.Wu@yopmail.com,Justinn.Wu@gmail.com,doctor
248,Stacey,Hieronymus,Stacey.Hieronymus@yopmail.com,Stacey.Hieronymus@gmail.com,police officer
249,Jenda,Infield,Jenda.Infield@yopmail.com,Jenda.Infield@gmail.com,firefighter
250,Cherrita,Llovera,Cherrita.Llovera@yopmail.com,Cherrita.Llovera@gmail.com,doctor
251,Ottilie,Cherianne,Ottilie.Cherianne@yopmail.com,Ottilie.Cherianne@gmail.com,police officer
252,Chrystel,Weide,Chrystel.Weide@yopmail.com,Chrystel.Weide@gmail.com,worker
253,Alisha,Dominy,Alisha.Dominy@yopmail.com,Alisha.Dominy@gmail.com,police officer
254,Renae,Alva,Renae.Alva@yopmail.com,Renae.Alva@gmail.com,doctor
255,Chickie,Khorma,Chickie.Khorma@yopmail.com,Chickie.Khorma@gmail.com,worker
256,Etta,Meter,Etta.Meter@yopmail.com,Etta.Meter@gmail.com,doctor
257,Cyb,Aloise,Cyb.Aloise@yopmail.com,Cyb.Aloise@gmail.com,police officer
258,Gusella,Anyah,Gusella.Anyah@yopmail.com,Gusella.Anyah@gmail.com,doctor
259,Perry,Liebermann,Perry.Liebermann@yopmail.com,Perry.Liebermann@gmail.com,police officer
260,Hildegaard,Schwejda,Hildegaard.Schwejda@yopmail.com,Hildegaard.Schwejda@gmail.com,worker
261,Zia,Friede,Zia.Friede@yopmail.com,Zia.Friede@gmail.com,police officer
262,Candy,Scammon,Candy.Scammon@yopmail.com,Candy.Scammon@gmail.com,developer
263,Fanchon,Yate,Fanchon.Yate@yopmail.com,Fanchon.Yate@gmail.com,developer
264,Eadie,Jacqui,Eadie.Jacqui@yopmail.com,Eadie.Jacqui@gmail.com,doctor
265,Constance,Whiffen,Constance.Whiffen@yopmail.com,Constance.Whiffen@gmail.com,developer
266,Paule,Standing,Paule.Standing@yopmail.com,Paule.Standing@gmail.com,doctor
267,Robbi,Gale,Robbi.Gale@yopmail.com,Robbi.Gale@gmail.com,doctor
268,Ana,Gusella,Ana.Gusella@yopmail.com,Ana.Gusella@gmail.com,doctor
269,Jenilee,Colleen,Jenilee.Colleen@yopmail.com,Jenilee.Colleen@gmail.com,doctor
270,Lanna,Jenness,Lanna.Jenness@yopmail.com,Lanna.Jenness@gmail.com,developer
271,Malina,Kellby,Malina.Kellby@yopmail.com,Malina.Kellby@gmail.com,doctor
272,Hermione,Argus,Hermione.Argus@yopmail.com,Hermione.Argus@gmail.com,developer
273,Ariela,Braun,Ariela.Braun@yopmail.com,Ariela.Braun@gmail.com,firefighter
274,Gilligan,Ramona,Gilligan.Ramona@yopmail.com,Gilligan.Ramona@gmail.com,firefighter
275,Gisela,Stav,Gisela.Stav@yopmail.com,Gisela.Stav@gmail.com,developer
276,Raquela,Maples,Raquela.Maples@yopmail.com,Raquela.Maples@gmail.com,police officer
277,Andeee,Bluh,Andeee.Bluh@yopmail.com,Andeee.Bluh@gmail.com,doctor
278,Lusa,Karylin,Lusa.Karylin@yopmail.com,Lusa.Karylin@gmail.com,developer
279,Ricky,Levey,Ricky.Levey@yopmail.com,Ricky.Levey@gmail.com,worker
280,Aimil,Pip,Aimil.Pip@yopmail.com,Aimil.Pip@gmail.com,doctor
281,Bibby,Havens,Bibby.Havens@yopmail.com,Bibby.Havens@gmail.com,worker
282,Deloria,Fabiola,Deloria.Fabiola@yopmail.com,Deloria.Fabiola@gmail.com,developer
283,Clary,Latini,Clary.Latini@yopmail.com,Clary.Latini@gmail.com,firefighter
284,Valli,Niles,Valli.Niles@yopmail.com,Valli.Niles@gmail.com,firefighter
285,Dianemarie,Nedrud,Dianemarie.Nedrud@yopmail.com,Dianemarie.Nedrud@gmail.com,developer
286,Elmira,Remmer,Elmira.Remmer@yopmail.com,Elmira.Remmer@gmail.com,doctor
287,Amara,Liva,Amara.Liva@yopmail.com,Amara.Liva@gmail.com,firefighter
288,Natka,Burnside,Natka.Burnside@yopmail.com,Natka.Burnside@gmail.com,firefighter
289,Merry,Kronfeld,Merry.Kronfeld@yopmail.com,Merry.Kronfeld@gmail.com,doctor
290,Trixi,Lilas,Trixi.Lilas@yopmail.com,Trixi.Lilas@gmail.com,firefighter
291,Jinny,Miru,Jinny.Miru@yopmail.com,Jinny.Miru@gmail.com,worker
292,Kamilah,Giule,Kamilah.Giule@yopmail.com,Kamilah.Giule@gmail.com,doctor
293,Britni,Borrell,Britni.Borrell@yopmail.com,Britni.Borrell@gmail.com,doctor
294,Elbertina,Gower,Elbertina.Gower@yopmail.com,Elbertina.Gower@gmail.com,doctor
295,Konstance,Capello,Konstance.Capello@yopmail.com,Konstance.Capello@gmail.com,doctor
296,Courtnay,Olympium,Courtnay.Olympium@yopmail.com,Courtnay.Olympium@gmail.com,doctor
297,Kylynn,Fosque,Kylynn.Fosque@yopmail.com,Kylynn.Fosque@gmail.com,police officer
298,Donnie,Denis,Donnie.Denis@yopmail.com,Donnie.Denis@gmail.com,firefighter
299,Noelle,Olympium,Noelle.Olympium@yopmail.com,Noelle.Olympium@gmail.com,developer
300,Beth,Neils,Beth.Neils@yopmail.com,Beth.Neils@gmail.com,police officer
301,June,Yam,June.Yam@yopmail.com,June.Yam@gmail.com,worker
302,Kial,Dex,Kial.Dex@yopmail.com,Kial.Dex@gmail.com,worker
303,Kylynn,Kinnard,Kylynn.Kinnard@yopmail.com,Kylynn.Kinnard@gmail.com,doctor
304,Iseabal,Aurelio,Iseabal.Aurelio@yopmail.com,Iseabal.Aurelio@gmail.com,police officer
305,Daune,Skurnik,Daune.Skurnik@yopmail.com,Daune.Skurnik@gmail.com,developer
306,Arlena,Persse,Arlena.Persse@yopmail.com,Arlena.Persse@gmail.com,worker
307,Ginnie,Bryna,Ginnie.Bryna@yopmail.com,Ginnie.Bryna@gmail.com,worker
308,Kimberley,Sadowski,Kimberley.Sadowski@yopmail.com,Kimberley.Sadowski@gmail.com,doctor
309,Rozele,Kussell,Rozele.Kussell@yopmail.com,Rozele.Kussell@gmail.com,doctor
310,Merry,Lytton,Merry.Lytton@yopmail.com,Merry.Lytton@gmail.com,developer
311,Florie,Kathie,Florie.Kathie@yopmail.com,Florie.Kathie@gmail.com,doctor
312,Roberta,Wattenberg,Roberta.Wattenberg@yopmail.com,Roberta.Wattenberg@gmail.com,worker
313,Jere,Middleton,Jere.Middleton@yopmail.com,Jere.Middleton@gmail.com,doctor
314,Collen,Kaete,Collen.Kaete@yopmail.com,Collen.Kaete@gmail.com,worker
315,Ofilia,Lalitta,Ofilia.Lalitta@yopmail.com,Ofilia.Lalitta@gmail.com,police officer
316,Liana,Vastah,Liana.Vastah@yopmail.com,Liana.Vastah@gmail.com,worker
317,Deloria,Wareing,Deloria.Wareing@yopmail.com,Deloria.Wareing@gmail.com,firefighter
318,Ariela,Clie,Ariela.Clie@yopmail.com,Ariela.Clie@gmail.com,worker
319,Mureil,Waite,Mureil.Waite@yopmail.com,Mureil.Waite@gmail.com,worker
320,Rosaline,Jotham,Rosaline.Jotham@yopmail.com,Rosaline.Jotham@gmail.com,police officer
321,Jenilee,Gabrielli,Jenilee.Gabrielli@yopmail.com,Jenilee.Gabrielli@gmail.com,worker
322,Dale,Ursulette,Dale.Ursulette@yopmail.com,Dale.Ursulette@gmail.com,firefighter
323,Elyssa,Clarissa,Elyssa.Clarissa@yopmail.com,Elyssa.Clarissa@gmail.com,worker
324,Ida,Miru,Ida.Miru@yopmail.com,Ida.Miru@gmail.com,worker
325,Brietta,Delp,Brietta.Delp@yopmail.com,Brietta.Delp@gmail.com,developer
326,Lucy,Hilbert,Lucy.Hilbert@yopmail.com,Lucy.Hilbert@gmail.com,firefighter
327,Ruthe,Sisile,Ruthe.Sisile@yopmail.com,Ruthe.Sisile@gmail.com,doctor
328,Sue,Persse,Sue.Persse@yopmail.com,Sue.Persse@gmail.com,firefighter
329,Hannis,Seessel,Hannis.Seessel@yopmail.com,Hannis.Seessel@gmail.com,doctor
330,Brietta,Roarke,Brietta.Roarke@yopmail.com,Brietta.Roarke@gmail.com,police officer
331,Adore,Center,Adore.Center@yopmail.com,Adore.Center@gmail.com,firefighter
332,Hildegaard,Ailyn,Hildegaard.Ailyn@yopmail.com,Hildegaard.Ailyn@gmail.com,firefighter
333,Blake,Infield,Blake.Infield@yopmail.com,Blake.Infield@gmail.com,worker
334,Demetris,Kaete,Demetris.Kaete@yopmail.com,Demetris.Kaete@gmail.com,worker
335,Queenie,Bronk,Queenie.Bronk@yopmail.com,Queenie.Bronk@gmail.com,developer
336,Leona,Gordon,Leona.Gordon@yopmail.com,Leona.Gordon@gmail.com,worker
337,Jan,Cookie,Jan.Cookie@yopmail.com,Jan.Cookie@gmail.com,doctor
338,Carree,Corrine,Carree.Corrine@yopmail.com,Carree.Corrine@gmail.com,firefighter
339,Katharina,Phi,Katharina.Phi@yopmail.com,Katharina.Phi@gmail.com,worker
340,Katleen,Ardra,Katleen.Ardra@yopmail.com,Katleen.Ardra@gmail.com,developer
341,Vonny,Bashemeth,Vonny.Bashemeth@yopmail.com,Vonny.Bashemeth@gmail.com,police officer
342,Rhea,Vins,Rhea.Vins@yopmail.com,Rhea.Vins@gmail.com,firefighter
343,Oona,Guthrie,Oona.Guthrie@yopmail.com,Oona.Guthrie@gmail.com,worker
344,Viviene,Tengdin,Viviene.Tengdin@yopmail.com,Viviene.Tengdin@gmail.com,worker
345,Eolanda,Schonfeld,Eolanda.Schonfeld@yopmail.com,Eolanda.Schonfeld@gmail.com,police officer
346,Clarice,Johanna,Clarice.Johanna@yopmail.com,Clarice.Johanna@gmail.com,developer
347,Ariela,Tice,Ariela.Tice@yopmail.com,Ariela.Tice@gmail.com,doctor
348,Diena,McCutcheon,Diena.McCutcheon@yopmail.com,Diena.McCutcheon@gmail.com,worker
349,Emylee,Kare,Emylee.Kare@yopmail.com,Emylee.Kare@gmail.com,firefighter
350,Tiffie,Rolf,Tiffie.Rolf@yopmail.com,Tiffie.Rolf@gmail.com,developer
351,Lucy,Chauncey,Lucy.Chauncey@yopmail.com,Lucy.Chauncey@gmail.com,developer
352,Glenda,Rillings,Glenda.Rillings@yopmail.com,Glenda.Rillings@gmail.com,developer
353,Elora,Turne,Elora.Turne@yopmail.com,Elora.Turne@gmail.com,doctor
354,Elsie,Yorick,Elsie.Yorick@yopmail.com,Elsie.Yorick@gmail.com,police officer
355,Minda,Burch,Minda.Burch@yopmail.com,Minda.Burch@gmail.com,developer
356,Hallie,Meter,Hallie.Meter@yopmail.com,Hallie.Meter@gmail.com,police officer
357,Ilse,Rona,Ilse.Rona@yopmail.com,Ilse.Rona@gmail.com,firefighter
358,Caritta,Arley,Caritta.Arley@yopmail.com,Caritta.Arley@gmail.com,firefighter
359,Shaylyn,Schenck,Shaylyn.Schenck@yopmail.com,Shaylyn.Schenck@gmail.com,worker
360,Nikki,Pond,Nikki.Pond@yopmail.com,Nikki.Pond@gmail.com,police officer
361,Gabriellia,Mintz,Gabriellia.Mintz@yopmail.com,Gabriellia.Mintz@gmail.com,firefighter
362,Pollyanna,Kevon,Pollyanna.Kevon@yopmail.com,Pollyanna.Kevon@gmail.com,developer
363,Allis,Gino,Allis.Gino@yopmail.com,Allis.Gino@gmail.com,developer
364,Alleen,Bashemeth,Alleen.Bashemeth@yopmail.com,Alleen.Bashemeth@gmail.com,police officer
365,Marcelline,Solitta,Marcelline.Solitta@yopmail.com,Marcelline.Solitta@gmail.com,developer
366,Elbertina,Konyn,Elbertina.Konyn@yopmail.com,Elbertina.Konyn@gmail.com,worker
367,Philis,Weitman,Philis.Weitman@yopmail.com,Philis.Weitman@gmail.com,developer
368,Fredericka,Breed,Fredericka.Breed@yopmail.com,Fredericka.Breed@gmail.com,worker
369,Beth,Darrell,Beth.Darrell@yopmail.com,Beth.Darrell@gmail.com,developer
370,Deloria,Jehu,Deloria.Jehu@yopmail.com,Deloria.Jehu@gmail.com,doctor
371,Lory,Talia,Lory.Talia@yopmail.com,Lory.Talia@gmail.com,worker
372,Florie,Elsinore,Florie.Elsinore@yopmail.com,Florie.Elsinore@gmail.com,worker
373,Bobbi,Merell,Bobbi.Merell@yopmail.com,Bobbi.Merell@gmail.com,police officer
374,Jasmina,Lipson,Jasmina.Lipson@yopmail.com,Jasmina.Lipson@gmail.com,worker
375,Correy,Dominy,Correy.Dominy@yopmail.com,Correy.Dominy@gmail.com,police officer
376,Ileana,Helve,Ileana.Helve@yopmail.com,Ileana.Helve@gmail.com,doctor
377,Berta,Mozelle,Berta.Mozelle@yopmail.com,Berta.Mozelle@gmail.com,doctor
378,Cathie,Rudolph,Cathie.Rudolph@yopmail.com,Cathie.Rudolph@gmail.com,police officer
379,Danika,Brotherson,Danika.Brotherson@yopmail.com,Danika.Brotherson@gmail.com,developer
380,Veda,Garbe,Veda.Garbe@yopmail.com,Veda.Garbe@gmail.com,worker
381,Cyb,Fabiola,Cyb.Fabiola@yopmail.com,Cyb.Fabiola@gmail.com,developer
382,Di,Zitvaa,Di.Zitvaa@yopmail.com,Di.Zitvaa@gmail.com,developer
383,Tersina,Henrie,Tersina.Henrie@yopmail.com,Tersina.Henrie@gmail.com,worker
384,Dede,Valerio,Dede.Valerio@yopmail.com,Dede.Valerio@gmail.com,doctor
385,Emylee,Colbert,Emylee.Colbert@yopmail.com,Emylee.Colbert@gmail.com,firefighter
386,Corene,Woodberry,Corene.Woodberry@yopmail.com,Corene.Woodberry@gmail.com,doctor
387,Linet,Brandice,Linet.Brandice@yopmail.com,Linet.Brandice@gmail.com,doctor
388,Donetta,Shuler,Donetta.Shuler@yopmail.com,Donetta.Shuler@gmail.com,police officer
389,Jillayne,Dalli,Jillayne.Dalli@yopmail.com,Jillayne.Dalli@gmail.com,worker
390,Danny,Lenny,Danny.Lenny@yopmail.com,Danny.Lenny@gmail.com,doctor
391,Dale,Rosette,Dale.Rosette@yopmail.com,Dale.Rosette@gmail.com,police officer
392,Carolina,Nisbet,Carolina.Nisbet@yopmail.com,Carolina.Nisbet@gmail.com,worker
393,Odessa,Duwalt,Odessa.Duwalt@yopmail.com,Odessa.Duwalt@gmail.com,worker
394,Dorice,Jess,Dorice.Jess@yopmail.com,Dorice.Jess@gmail.com,firefighter
395,Ardys,Stanwood,Ardys.Stanwood@yopmail.com,Ardys.Stanwood@gmail.com,police officer
396,Corina,Naor,Corina.Naor@yopmail.com,Corina.Naor@gmail.com,worker
397,Nonnah,Mehalek,Nonnah.Mehalek@yopmail.com,Nonnah.Mehalek@gmail.com,police officer
398,Fawne,Guthrie,Fawne.Guthrie@yopmail.com,Fawne.Guthrie@gmail.com,police officer
399,Andree,Brady,Andree.Brady@yopmail.com,Andree.Brady@gmail.com,worker
400,Tina,Manolo,Tina.Manolo@yopmail.com,Tina.Manolo@gmail.com,developer
401,Patricia,Blake,Patricia.Blake@yopmail.com,Patricia.Blake@gmail.com,police officer
402,Teriann,Bryna,Teriann.Bryna@yopmail.com,Teriann.Bryna@gmail.com,developer
403,Fanny,Kirstin,Fanny.Kirstin@yopmail.com,Fanny.Kirstin@gmail.com,worker
404,Vinita,Thema,Vinita.Thema@yopmail.com,Vinita.Thema@gmail.com,doctor
405,Judy,Esmaria,Judy.Esmaria@yopmail.com,Judy.Esmaria@gmail.com,police officer
406,Sheelagh,Mata,Sheelagh.Mata@yopmail.com,Sheelagh.Mata@gmail.com,police officer
407,Melisent,Noelyn,Melisent.Noelyn@yopmail.com,Melisent.Noelyn@gmail.com,worker
408,Abbie,Cordi,Abbie.Cordi@yopmail.com,Abbie.Cordi@gmail.com,doctor
409,Sandie,Tarrant,Sandie.Tarrant@yopmail.com,Sandie.Tarrant@gmail.com,doctor
410,Orsola,Oster,Orsola.Oster@yopmail.com,Orsola.Oster@gmail.com,worker
411,Kirstin,Secrest,Kirstin.Secrest@yopmail.com,Kirstin.Secrest@gmail.com,doctor
412,Harrietta,Erlandson,Harrietta.Erlandson@yopmail.com,Harrietta.Erlandson@gmail.com,developer
413,Marti,Hebner,Marti.Hebner@yopmail.com,Marti.Hebner@gmail.com,worker
414,Arlena,Shanley,Arlena.Shanley@yopmail.com,Arlena.Shanley@gmail.com,firefighter
415,Cassondra,Chem,Cassondra.Chem@yopmail.com,Cassondra.Chem@gmail.com,worker
416,Carol-Jean,Lanita,Carol-Jean.Lanita@yopmail.com,Carol-Jean.Lanita@gmail.com,worker
417,Bertine,Rosemary,Bertine.Rosemary@yopmail.com,Bertine.Rosemary@gmail.com,firefighter
418,Patricia,Brunell,Patricia.Brunell@yopmail.com,Patricia.Brunell@gmail.com,developer
419,Joleen,Fillbert,Joleen.Fillbert@yopmail.com,Joleen.Fillbert@gmail.com,police officer
420,Beatriz,Belanger,Beatriz.Belanger@yopmail.com,Beatriz.Belanger@gmail.com,doctor
421,Oralee,Noman,Oralee.Noman@yopmail.com,Oralee.Noman@gmail.com,police officer
422,Etta,Marsden,Etta.Marsden@yopmail.com,Etta.Marsden@gmail.com,firefighter
423,Rozele,Urania,Rozele.Urania@yopmail.com,Rozele.Urania@gmail.com,developer
424,Margette,Elephus,Margette.Elephus@yopmail.com,Margette.Elephus@gmail.com,worker
425,Gloria,Shaddock,Gloria.Shaddock@yopmail.com,Gloria.Shaddock@gmail.com,police officer
426,Albertina,Fontana,Albertina.Fontana@yopmail.com,Albertina.Fontana@gmail.com,doctor
427,Rori,Goddard,Rori.Goddard@yopmail.com,Rori.Goddard@gmail.com,police officer
428,Britte,Zaslow,Britte.Zaslow@yopmail.com,Britte.Zaslow@gmail.com,worker
429,Stevana,Grayce,Stevana.Grayce@yopmail.com,Stevana.Grayce@gmail.com,police officer
430,Dulcinea,Gilbertson,Dulcinea.Gilbertson@yopmail.com,Dulcinea.Gilbertson@gmail.com,worker
431,Allyce,Rosalba,Allyce.Rosalba@yopmail.com,Allyce.Rosalba@gmail.com,worker
432,Ursulina,Pauly,Ursulina.Pauly@yopmail.com,Ursulina.Pauly@gmail.com,worker
433,Dominga,Middleton,Dominga.Middleton@yopmail.com,Dominga.Middleton@gmail.com,firefighter
434,Viki,Toor,Viki.Toor@yopmail.com,Viki.Toor@gmail.com,developer
435,Rosaline,Dorothy,Rosaline.Dorothy@yopmail.com,Rosaline.Dorothy@gmail.com,doctor
436,Ilse,Publia,Ilse.Publia@yopmail.com,Ilse.Publia@gmail.com,doctor
437,Donetta,Keily,Donetta.Keily@yopmail.com,Donetta.Keily@gmail.com,police officer
438,Clarice,Adlare,Clarice.Adlare@yopmail.com,Clarice.Adlare@gmail.com,firefighter
439,Ursulina,Sekofski,Ursulina.Sekofski@yopmail.com,Ursulina.Sekofski@gmail.com,developer
440,Corry,Latini,Corry.Latini@yopmail.com,Corry.Latini@gmail.com,firefighter
441,Priscilla,Haymes,Priscilla.Haymes@yopmail.com,Priscilla.Haymes@gmail.com,doctor
442,Jessy,Natalia,Jessy.Natalia@yopmail.com,Jessy.Natalia@gmail.com,police officer
443,Lorie,Oster,Lorie.Oster@yopmail.com,Lorie.Oster@gmail.com,doctor
444,Alameda,Chapland,Alameda.Chapland@yopmail.com,Alameda.Chapland@gmail.com,police officer
445,Aurelie,Hachmin,Aurelie.Hachmin@yopmail.com,Aurelie.Hachmin@gmail.com,doctor
446,Ursulina,Rosemary,Ursulina.Rosemary@yopmail.com,Ursulina.Rosemary@gmail.com,worker
447,Amii,Emanuel,Amii.Emanuel@yopmail.com,Amii.Emanuel@gmail.com,developer
448,Layla,Lynn,Layla.Lynn@yopmail.com,Layla.Lynn@gmail.com,worker
449,Mathilda,Fadiman,Mathilda.Fadiman@yopmail.com,Mathilda.Fadiman@gmail.com,police officer
450,Roslyn,Euridice,Roslyn.Euridice@yopmail.com,Roslyn.Euridice@gmail.com,doctor
451,Brietta,Lenny,Brietta.Lenny@yopmail.com,Brietta.Lenny@gmail.com,developer
452,Claudina,Podvin,Claudina.Podvin@yopmail.com,Claudina.Podvin@gmail.com,developer
453,Lynea,Haerr,Lynea.Haerr@yopmail.com,Lynea.Haerr@gmail.com,worker
454,Minda,Cadmar,Minda.Cadmar@yopmail.com,Minda.Cadmar@gmail.com,developer
455,Phedra,Hebner,Phedra.Hebner@yopmail.com,Phedra.Hebner@gmail.com,doctor
456,Wilma,Bashemeth,Wilma.Bashemeth@yopmail.com,Wilma.Bashemeth@gmail.com,doctor
457,Doralynne,Azeria,Doralynne.Azeria@yopmail.com,Doralynne.Azeria@gmail.com,developer
458,Rori,Ilka,Rori.Ilka@yopmail.com,Rori.Ilka@gmail.com,developer
459,Steffane,Amadas,Steffane.Amadas@yopmail.com,Steffane.Amadas@gmail.com,doctor
460,Claudina,Gert,Claudina.Gert@yopmail.com,Claudina.Gert@gmail.com,police officer
461,Carol-Jean,Haldas,Carol-Jean.Haldas@yopmail.com,Carol-Jean.Haldas@gmail.com,doctor
462,Ursulina,Swanhildas,Ursulina.Swanhildas@yopmail.com,Ursulina.Swanhildas@gmail.com,police officer
463,Tilly,Tatianas,Tilly.Tatianas@yopmail.com,Tilly.Tatianas@gmail.com,developer
464,Yetty,McGrody,Yetty.McGrody@yopmail.com,Yetty.McGrody@gmail.com,police officer
465,Antonietta,Brian,Antonietta.Brian@yopmail.com,Antonietta.Brian@gmail.com,worker
466,Libbie,Arvo,Libbie.Arvo@yopmail.com,Libbie.Arvo@gmail.com,developer
467,Etta,Berriman,Etta.Berriman@yopmail.com,Etta.Berriman@gmail.com,firefighter
468,Julieta,Socha,Julieta.Socha@yopmail.com,Julieta.Socha@gmail.com,police officer
469,Dolli,Garrison,Dolli.Garrison@yopmail.com,Dolli.Garrison@gmail.com,doctor
470,Cathie,Vary,Cathie.Vary@yopmail.com,Cathie.Vary@gmail.com,doctor
471,Judy,Kylander,Judy.Kylander@yopmail.com,Judy.Kylander@gmail.com,developer
472,Drucie,Vacuva,Drucie.Vacuva@yopmail.com,Drucie.Vacuva@gmail.com,police officer
473,Shell,Holtz,Shell.Holtz@yopmail.com,Shell.Holtz@gmail.com,police officer
474,Fanny,Tamsky,Fanny.Tamsky@yopmail.com,Fanny.Tamsky@gmail.com,worker
475,Ashlee,Gualtiero,Ashlee.Gualtiero@yopmail.com,Ashlee.Gualtiero@gmail.com,developer
476,Tarra,Bigner,Tarra.Bigner@yopmail.com,Tarra.Bigner@gmail.com,doctor
477,Estell,Brieta,Estell.Brieta@yopmail.com,Estell.Brieta@gmail.com,doctor
478,Jennica,Narton,Jennica.Narton@yopmail.com,Jennica.Narton@gmail.com,worker
479,Lanae,Joli,Lanae.Joli@yopmail.com,Lanae.Joli@gmail.com,police officer
480,Ebonee,Alva,Ebonee.Alva@yopmail.com,Ebonee.Alva@gmail.com,police officer
481,Kassey,Raychel,Kassey.Raychel@yopmail.com,Kassey.Raychel@gmail.com,worker
482,Emilia,Wareing,Emilia.Wareing@yopmail.com,Emilia.Wareing@gmail.com,doctor
483,Dari,Magdalen,Dari.Magdalen@yopmail.com,Dari.Magdalen@gmail.com,firefighter
484,Marcy,Ietta,Marcy.Ietta@yopmail.com,Marcy.Ietta@gmail.com,firefighter
485,Inga,Lareena,Inga.Lareena@yopmail.com,Inga.Lareena@gmail.com,worker
486,Kristina,Margarete,Kristina.Margarete@yopmail.com,Kristina.Margarete@gmail.com,police officer
487,Lesly,Goldina,Lesly.Goldina@yopmail.com,Lesly.Goldina@gmail.com,worker
488,Viki,Tufts,Viki.Tufts@yopmail.com,Viki.Tufts@gmail.com,firefighter
489,Nananne,Oneida,Nananne.Oneida@yopmail.com,Nananne.Oneida@gmail.com,doctor
490,Ana,Callista,Ana.Callista@yopmail.com,Ana.Callista@gmail.com,police officer
491,Gilda,Daveta,Gilda.Daveta@yopmail.com,Gilda.Daveta@gmail.com,worker
492,Tressa,Quinn,Tressa.Quinn@yopmail.com,Tressa.Quinn@gmail.com,doctor
493,Aeriela,Hanleigh,Aeriela.Hanleigh@yopmail.com,Aeriela.Hanleigh@gmail.com,firefighter
494,Jaclyn,Weitman,Jaclyn.Weitman@yopmail.com,Jaclyn.Weitman@gmail.com,developer
495,Rhoda,Kolnick,Rhoda.Kolnick@yopmail.com,Rhoda.Kolnick@gmail.com,worker
496,Ruthe,Lea,Ruthe.Lea@yopmail.com,Ruthe.Lea@gmail.com,developer
497,Dorthy,Gavrila,Dorthy.Gavrila@yopmail.com,Dorthy.Gavrila@gmail.com,worker
498,Rozele,Quinn,Rozele.Quinn@yopmail.com,Rozele.Quinn@gmail.com,doctor
499,Jessy,Nance,Jessy.Nance@yopmail.com,Jessy.Nance@gmail.com,doctor
500,Gabi,Edison,Gabi.Edison@yopmail.com,Gabi.Edison@gmail.com,doctor
501,Raquela,Noam,Raquela.Noam@yopmail.com,Raquela.Noam@gmail.com,worker
502,Sashenka,Hoenack,Sashenka.Hoenack@yopmail.com,Sashenka.Hoenack@gmail.com,worker
503,Olwen,Hull,Olwen.Hull@yopmail.com,Olwen.Hull@gmail.com,doctor
504,Corry,Fiester,Corry.Fiester@yopmail.com,Corry.Fiester@gmail.com,police officer
505,Lizzie,Stelle,Lizzie.Stelle@yopmail.com,Lizzie.Stelle@gmail.com,developer
506,Merrie,Kermit,Merrie.Kermit@yopmail.com,Merrie.Kermit@gmail.com,developer
507,Candi,Buckler,Candi.Buckler@yopmail.com,Candi.Buckler@gmail.com,worker
508,Katharina,Hutchison,Katharina.Hutchison@yopmail.com,Katharina.Hutchison@gmail.com,doctor
509,Shannah,Stevy,Shannah.Stevy@yopmail.com,Shannah.Stevy@gmail.com,doctor
510,Aubrie,Dannye,Aubrie.Dannye@yopmail.com,Aubrie.Dannye@gmail.com,police officer
511,Marguerite,Cadmar,Marguerite.Cadmar@yopmail.com,Marguerite.Cadmar@gmail.com,police officer
512,Rochette,Uird,Rochette.Uird@yopmail.com,Rochette.Uird@gmail.com,worker
513,Gabriellia,Idelia,Gabriellia.Idelia@yopmail.com,Gabriellia.Idelia@gmail.com,developer
514,Elsie,Franza,Elsie.Franza@yopmail.com,Elsie.Franza@gmail.com,worker
515,Fawne,Thar,Fawne.Thar@yopmail.com,Fawne.Thar@gmail.com,worker
516,Letizia,Quent,Letizia.Quent@yopmail.com,Letizia.Quent@gmail.com,police officer
517,Shel,Blake,Shel.Blake@yopmail.com,Shel.Blake@gmail.com,police officer
518,Ilse,Kesley,Ilse.Kesley@yopmail.com,Ilse.Kesley@gmail.com,doctor
519,Stacey,Alva,Stacey.Alva@yopmail.com,Stacey.Alva@gmail.com,worker
520,Tierney,Kalinda,Tierney.Kalinda@yopmail.com,Tierney.Kalinda@gmail.com,police officer
521,Lyssa,Erminia,Lyssa.Erminia@yopmail.com,Lyssa.Erminia@gmail.com,police officer
522,Susan,Lemuela,Susan.Lemuela@yopmail.com,Susan.Lemuela@gmail.com,developer
523,Marcelline,Kendrick,Marcelline.Kendrick@yopmail.com,Marcelline.Kendrick@gmail.com,developer
524,Ruthe,Colp,Ruthe.Colp@yopmail.com,Ruthe.Colp@gmail.com,worker
525,Madeleine,Wenda,Madeleine.Wenda@yopmail.com,Madeleine.Wenda@gmail.com,developer
526,Vanessa,Johanna,Vanessa.Johanna@yopmail.com,Vanessa.Johanna@gmail.com,developer
527,Gwyneth,Gavrila,Gwyneth.Gavrila@yopmail.com,Gwyneth.Gavrila@gmail.com,firefighter
528,Meghann,Riordan,Meghann.Riordan@yopmail.com,Meghann.Riordan@gmail.com,worker
529,Renie,Ferino,Renie.Ferino@yopmail.com,Renie.Ferino@gmail.com,doctor
530,Michaelina,Dominy,Michaelina.Dominy@yopmail.com,Michaelina.Dominy@gmail.com,doctor
531,Daphne,Yusuk,Daphne.Yusuk@yopmail.com,Daphne.Yusuk@gmail.com,developer
532,Brandise,Oriana,Brandise.Oriana@yopmail.com,Brandise.Oriana@gmail.com,police officer
533,Liana,Leary,Liana.Leary@yopmail.com,Liana.Leary@gmail.com,worker
534,Ericka,Waldron,Ericka.Waldron@yopmail.com,Ericka.Waldron@gmail.com,police officer
535,Averyl,Kauppi,Averyl.Kauppi@yopmail.com,Averyl.Kauppi@gmail.com,worker
536,Valera,Hailee,Valera.Hailee@yopmail.com,Valera.Hailee@gmail.com,firefighter
537,Elora,Roumell,Elora.Roumell@yopmail.com,Elora.Roumell@gmail.com,developer
538,Adriana,Kimmie,Adriana.Kimmie@yopmail.com,Adriana.Kimmie@gmail.com,police officer
539,Lexine,Etom,Lexine.Etom@yopmail.com,Lexine.Etom@gmail.com,worker
540,Ida,Darbie,Ida.Darbie@yopmail.com,Ida.Darbie@gmail.com,police officer
541,Charmaine,Doig,Charmaine.Doig@yopmail.com,Charmaine.Doig@gmail.com,worker
542,Meg,Jefferey,Meg.Jefferey@yopmail.com,Meg.Jefferey@gmail.com,developer
543,Mady,Sherrie,Mady.Sherrie@yopmail.com,Mady.Sherrie@gmail.com,doctor
544,Marguerite,Lareena,Marguerite.Lareena@yopmail.com,Marguerite.Lareena@gmail.com,worker
545,Devina,Eno,Devina.Eno@yopmail.com,Devina.Eno@gmail.com,developer
546,Vonny,Ochs,Vonny.Ochs@yopmail.com,Vonny.Ochs@gmail.com,police officer
547,Jere,Melan,Jere.Melan@yopmail.com,Jere.Melan@gmail.com,doctor
548,Karina,Rheingold,Karina.Rheingold@yopmail.com,Karina.Rheingold@gmail.com,worker
549,Nerta,Torray,Nerta.Torray@yopmail.com,Nerta.Torray@gmail.com,firefighter
550,Ericka,Colleen,Ericka.Colleen@yopmail.com,Ericka.Colleen@gmail.com,worker
551,Suzette,Borrell,Suzette.Borrell@yopmail.com,Suzette.Borrell@gmail.com,worker
552,Dulcinea,Fiann,Dulcinea.Fiann@yopmail.com,Dulcinea.Fiann@gmail.com,police officer
553,Laurene,Sherrie,Laurene.Sherrie@yopmail.com,Laurene.Sherrie@gmail.com,worker
554,Nannie,Brodench,Nannie.Brodench@yopmail.com,Nannie.Brodench@gmail.com,doctor
555,Binny,Raimondo,Binny.Raimondo@yopmail.com,Binny.Raimondo@gmail.com,worker
556,Theodora,Ioab,Theodora.Ioab@yopmail.com,Theodora.Ioab@gmail.com,firefighter
557,Ricky,Halsey,Ricky.Halsey@yopmail.com,Ricky.Halsey@gmail.com,firefighter
558,Celisse,Elsinore,Celisse.Elsinore@yopmail.com,Celisse.Elsinore@gmail.com,developer
559,Myrtice,Amand,Myrtice.Amand@yopmail.com,Myrtice.Amand@gmail.com,police officer
560,Mireielle,Ursulette,Mireielle.Ursulette@yopmail.com,Mireielle.Ursulette@gmail.com,doctor
561,Ariela,Dalli,Ariela.Dalli@yopmail.com,Ariela.Dalli@gmail.com,doctor
562,Lyssa,Brian,Lyssa.Brian@yopmail.com,Lyssa.Brian@gmail.com,firefighter
563,Brandise,Raama,Brandise.Raama@yopmail.com,Brandise.Raama@gmail.com,worker
564,Cathie,Roxanna,Cathie.Roxanna@yopmail.com,Cathie.Roxanna@gmail.com,police officer
565,Glynnis,Dielu,Glynnis.Dielu@yopmail.com,Glynnis.Dielu@gmail.com,doctor
566,Minne,Nickola,Minne.Nickola@yopmail.com,Minne.Nickola@gmail.com,police officer
567,Yolane,Bakerman,Yolane.Bakerman@yopmail.com,Yolane.Bakerman@gmail.com,worker
568,Celestyna,Shields,Celestyna.Shields@yopmail.com,Celestyna.Shields@gmail.com,police officer
569,Jordan,Holtz,Jordan.Holtz@yopmail.com,Jordan.Holtz@gmail.com,developer
570,Linzy,Gino,Linzy.Gino@yopmail.com,Linzy.Gino@gmail.com,worker
571,Emelina,Gillan,Emelina.Gillan@yopmail.com,Emelina.Gillan@gmail.com,police officer
572,Lorie,Chauncey,Lorie.Chauncey@yopmail.com,Lorie.Chauncey@gmail.com,police officer
573,Margalo,Narton,Margalo.Narton@yopmail.com,Margalo.Narton@gmail.com,doctor
574,Brana,Raffo,Brana.Raffo@yopmail.com,Brana.Raffo@gmail.com,doctor
575,Karlee,Daveta,Karlee.Daveta@yopmail.com,Karlee.Daveta@gmail.com,worker
576,Kellen,Han,Kellen.Han@yopmail.com,Kellen.Han@gmail.com,developer
577,Ardenia,McGrody,Ardenia.McGrody@yopmail.com,Ardenia.McGrody@gmail.com,police officer
578,Dacia,Camden,Dacia.Camden@yopmail.com,Dacia.Camden@gmail.com,developer
579,Charmaine,Hollingsworth,Charmaine.Hollingsworth@yopmail.com,Charmaine.Hollingsworth@gmail.com,police officer
580,Elsie,Hedve,Elsie.Hedve@yopmail.com,Elsie.Hedve@gmail.com,developer
581,Heida,Rosalba,Heida.Rosalba@yopmail.com,Heida.Rosalba@gmail.com,doctor
582,Arlina,Lubin,Arlina.Lubin@yopmail.com,Arlina.Lubin@gmail.com,police officer
583,Nannie,Masao,Nannie.Masao@yopmail.com,Nannie.Masao@gmail.com,police officer
584,Fernande,Brodench,Fernande.Brodench@yopmail.com,Fernande.Brodench@gmail.com,developer
585,Brooks,Syd,Brooks.Syd@yopmail.com,Brooks.Syd@gmail.com,worker
586,Donnie,Toni,Donnie.Toni@yopmail.com,Donnie.Toni@gmail.com,doctor
587,Mathilda,Sancho,Mathilda.Sancho@yopmail.com,Mathilda.Sancho@gmail.com,firefighter
588,Amara,Sperling,Amara.Sperling@yopmail.com,Amara.Sperling@gmail.com,worker
589,Halette,Ashok,Halette.Ashok@yopmail.com,Halette.Ashok@gmail.com,developer
590,Paule,Lunsford,Paule.Lunsford@yopmail.com,Paule.Lunsford@gmail.com,developer
591,Edee,Tufts,Edee.Tufts@yopmail.com,Edee.Tufts@gmail.com,firefighter
592,Corly,Kress,Corly.Kress@yopmail.com,Corly.Kress@gmail.com,doctor
593,Darci,Brandice,Darci.Brandice@yopmail.com,Darci.Brandice@gmail.com,police officer
594,Paola,Constancy,Paola.Constancy@yopmail.com,Paola.Constancy@gmail.com,developer
595,Clementine,Milde,Clementine.Milde@yopmail.com,Clementine.Milde@gmail.com,firefighter
596,Kellen,Ivens,Kellen.Ivens@yopmail.com,Kellen.Ivens@gmail.com,doctor
597,Ida,Fontana,Ida.Fontana@yopmail.com,Ida.Fontana@gmail.com,firefighter
598,Marika,Gaspard,Marika.Gaspard@yopmail.com,Marika.Gaspard@gmail.com,doctor
599,Wanda,Wooster,Wanda.Wooster@yopmail.com,Wanda.Wooster@gmail.com,doctor
600,Frank,Georgy,Frank.Georgy@yopmail.com,Frank.Georgy@gmail.com,doctor
601,Brena,Freddi,Brena.Freddi@yopmail.com,Brena.Freddi@gmail.com,developer
602,Cyb,Winnick,Cyb.Winnick@yopmail.com,Cyb.Winnick@gmail.com,firefighter
603,Brooks,Kermit,Brooks.Kermit@yopmail.com,Brooks.Kermit@gmail.com,doctor
604,Christy,Irmine,Christy.Irmine@yopmail.com,Christy.Irmine@gmail.com,firefighter
605,Theodora,Auberbach,Theodora.Auberbach@yopmail.com,Theodora.Auberbach@gmail.com,police officer
606,Jaime,Magnolia,Jaime.Magnolia@yopmail.com,Jaime.Magnolia@gmail.com,doctor
607,Melina,Timon,Melina.Timon@yopmail.com,Melina.Timon@gmail.com,police officer
608,Delilah,Jess,Delilah.Jess@yopmail.com,Delilah.Jess@gmail.com,worker
609,Grier,Gemini,Grier.Gemini@yopmail.com,Grier.Gemini@gmail.com,police officer
610,Halette,Carri,Halette.Carri@yopmail.com,Halette.Carri@gmail.com,firefighter
611,Jackie,Newell,Jackie.Newell@yopmail.com,Jackie.Newell@gmail.com,worker
612,Ninnetta,Gibbeon,Ninnetta.Gibbeon@yopmail.com,Ninnetta.Gibbeon@gmail.com,firefighter
613,Marinna,Dielu,Marinna.Dielu@yopmail.com,Marinna.Dielu@gmail.com,doctor
614,Ericka,Rebecka,Ericka.Rebecka@yopmail.com,Ericka.Rebecka@gmail.com,doctor
615,Mildrid,Verger,Mildrid.Verger@yopmail.com,Mildrid.Verger@gmail.com,firefighter
616,Misha,Fairweather,Misha.Fairweather@yopmail.com,Misha.Fairweather@gmail.com,firefighter
617,Hannis,Remmer,Hannis.Remmer@yopmail.com,Hannis.Remmer@gmail.com,doctor
618,Jolyn,Schlosser,Jolyn.Schlosser@yopmail.com,Jolyn.Schlosser@gmail.com,developer
619,Clarice,Francene,Clarice.Francene@yopmail.com,Clarice.Francene@gmail.com,doctor
620,Margette,Barbey,Margette.Barbey@yopmail.com,Margette.Barbey@gmail.com,worker
621,Vivia,Skurnik,Vivia.Skurnik@yopmail.com,Vivia.Skurnik@gmail.com,firefighter
622,Marleah,Linskey,Marleah.Linskey@yopmail.com,Marleah.Linskey@gmail.com,police officer
623,Chrystel,Wadell,Chrystel.Wadell@yopmail.com,Chrystel.Wadell@gmail.com,developer
624,Shel,Connelly,Shel.Connelly@yopmail.com,Shel.Connelly@gmail.com,firefighter
625,Tami,Bendick,Tami.Bendick@yopmail.com,Tami.Bendick@gmail.com,worker
626,Zaria,Zola,Zaria.Zola@yopmail.com,Zaria.Zola@gmail.com,developer
627,Ilse,Bach,Ilse.Bach@yopmail.com,Ilse.Bach@gmail.com,worker
628,Joy,Tannie,Joy.Tannie@yopmail.com,Joy.Tannie@gmail.com,worker
629,Eadie,Marijo,Eadie.Marijo@yopmail.com,Eadie.Marijo@gmail.com,worker
630,Georgetta,Eugenia,Georgetta.Eugenia@yopmail.com,Georgetta.Eugenia@gmail.com,firefighter
631,Jean,Alwin,Jean.Alwin@yopmail.com,Jean.Alwin@gmail.com,worker
632,Joceline,Maisey,Joceline.Maisey@yopmail.com,Joceline.Maisey@gmail.com,police officer
633,Tilly,Pond,Tilly.Pond@yopmail.com,Tilly.Pond@gmail.com,police officer
634,Melisent,Pacorro,Melisent.Pacorro@yopmail.com,Melisent.Pacorro@gmail.com,firefighter
635,Margalo,Hurley,Margalo.Hurley@yopmail.com,Margalo.Hurley@gmail.com,doctor
636,Dorice,Thad,Dorice.Thad@yopmail.com,Dorice.Thad@gmail.com,developer
637,Trixi,Cordi,Trixi.Cordi@yopmail.com,Trixi.Cordi@gmail.com,developer
638,Anthia,Codding,Anthia.Codding@yopmail.com,Anthia.Codding@gmail.com,police officer
639,Estell,Loeb,Estell.Loeb@yopmail.com,Estell.Loeb@gmail.com,police officer
640,Jinny,Artie,Jinny.Artie@yopmail.com,Jinny.Artie@gmail.com,developer
641,Katuscha,Yoko,Katuscha.Yoko@yopmail.com,Katuscha.Yoko@gmail.com,worker
642,Berget,Poppy,Berget.Poppy@yopmail.com,Berget.Poppy@gmail.com,police officer
643,Dulce,Halsey,Dulce.Halsey@yopmail.com,Dulce.Halsey@gmail.com,firefighter
644,Meriel,Arley,Meriel.Arley@yopmail.com,Meriel.Arley@gmail.com,firefighter
645,Helsa,Dielu,Helsa.Dielu@yopmail.com,Helsa.Dielu@gmail.com,developer
646,Courtnay,Kamaria,Courtnay.Kamaria@yopmail.com,Courtnay.Kamaria@gmail.com,worker
647,Talya,Krystle,Talya.Krystle@yopmail.com,Talya.Krystle@gmail.com,firefighter
648,Sheree,Decato,Sheree.Decato@yopmail.com,Sheree.Decato@gmail.com,firefighter
649,Elmira,Curren,Elmira.Curren@yopmail.com,Elmira.Curren@gmail.com,developer
650,Bertine,Erich,Bertine.Erich@yopmail.com,Bertine.Erich@gmail.com,developer
651,Linzy,Sherfield,Linzy.Sherfield@yopmail.com,Linzy.Sherfield@gmail.com,developer
652,Claudina,Franza,Claudina.Franza@yopmail.com,Claudina.Franza@gmail.com,worker
653,Gwenneth,Amand,Gwenneth.Amand@yopmail.com,Gwenneth.Amand@gmail.com,doctor
654,Jan,Goddard,Jan.Goddard@yopmail.com,Jan.Goddard@gmail.com,firefighter
655,Florie,Rolf,Florie.Rolf@yopmail.com,Florie.Rolf@gmail.com,police officer
656,Viviene,Durante,Viviene.Durante@yopmail.com,Viviene.Durante@gmail.com,developer
657,Tybie,Bertold,Tybie.Bertold@yopmail.com,Tybie.Bertold@gmail.com,doctor
658,Theodora,Velick,Theodora.Velick@yopmail.com,Theodora.Velick@gmail.com,firefighter
659,Kylynn,Egbert,Kylynn.Egbert@yopmail.com,Kylynn.Egbert@gmail.com,police officer
660,Lindie,Verger,Lindie.Verger@yopmail.com,Lindie.Verger@gmail.com,firefighter
661,Agnese,Brian,Agnese.Brian@yopmail.com,Agnese.Brian@gmail.com,firefighter
662,Marika,Screens,Marika.Screens@yopmail.com,Marika.Screens@gmail.com,worker
663,Agnese,Wind,Agnese.Wind@yopmail.com,Agnese.Wind@gmail.com,developer
664,Dolli,Harriman,Dolli.Harriman@yopmail.com,Dolli.Harriman@gmail.com,police officer
665,Eadie,Bury,Eadie.Bury@yopmail.com,Eadie.Bury@gmail.com,police officer
666,Collen,Imelida,Collen.Imelida@yopmail.com,Collen.Imelida@gmail.com,worker
667,Carlie,Latini,Carlie.Latini@yopmail.com,Carlie.Latini@gmail.com,firefighter
668,Sindee,Telfer,Sindee.Telfer@yopmail.com,Sindee.Telfer@gmail.com,doctor
669,June,Eben,June.Eben@yopmail.com,June.Eben@gmail.com,firefighter
670,Chastity,Anyah,Chastity.Anyah@yopmail.com,Chastity.Anyah@gmail.com,worker
671,Lulita,Sasnett,Lulita.Sasnett@yopmail.com,Lulita.Sasnett@gmail.com,firefighter
672,Lily,Allina,Lily.Allina@yopmail.com,Lily.Allina@gmail.com,doctor
673,Cassondra,Pierette,Cassondra.Pierette@yopmail.com,Cassondra.Pierette@gmail.com,firefighter
674,Korrie,Hailee,Korrie.Hailee@yopmail.com,Korrie.Hailee@gmail.com,firefighter
675,Ada,Goddard,Ada.Goddard@yopmail.com,Ada.Goddard@gmail.com,doctor
676,Amii,Korey,Amii.Korey@yopmail.com,Amii.Korey@gmail.com,firefighter
677,Reeba,Hunfredo,Reeba.Hunfredo@yopmail.com,Reeba.Hunfredo@gmail.com,firefighter
678,Henriette,Wenda,Henriette.Wenda@yopmail.com,Henriette.Wenda@gmail.com,police officer
679,Lynde,Redmond,Lynde.Redmond@yopmail.com,Lynde.Redmond@gmail.com,developer
680,Violet,Braun,Violet.Braun@yopmail.com,Violet.Braun@gmail.com,police officer
681,Emelina,Tice,Emelina.Tice@yopmail.com,Emelina.Tice@gmail.com,worker
682,Kial,Hirsch,Kial.Hirsch@yopmail.com,Kial.Hirsch@gmail.com,doctor
683,Fina,Horan,Fina.Horan@yopmail.com,Fina.Horan@gmail.com,developer
684,Hildegaard,Helfand,Hildegaard.Helfand@yopmail.com,Hildegaard.Helfand@gmail.com,police officer
685,Hope,Gregrory,Hope.Gregrory@yopmail.com,Hope.Gregrory@gmail.com,police officer
686,Margalo,Palocz,Margalo.Palocz@yopmail.com,Margalo.Palocz@gmail.com,developer
687,Lorenza,Arquit,Lorenza.Arquit@yopmail.com,Lorenza.Arquit@gmail.com,doctor
688,Jacenta,Anastatius,Jacenta.Anastatius@yopmail.com,Jacenta.Anastatius@gmail.com,police officer
689,Melisent,Han,Melisent.Han@yopmail.com,Melisent.Han@gmail.com,worker
690,Vonny,Emmaline,Vonny.Emmaline@yopmail.com,Vonny.Emmaline@gmail.com,developer
691,Ottilie,Hashim,Ottilie.Hashim@yopmail.com,Ottilie.Hashim@gmail.com,police officer
692,Jessy,Susannah,Jessy.Susannah@yopmail.com,Jessy.Susannah@gmail.com,doctor
693,Netty,Dituri,Netty.Dituri@yopmail.com,Netty.Dituri@gmail.com,developer
694,Jessy,Pierette,Jessy.Pierette@yopmail.com,Jessy.Pierette@gmail.com,firefighter
695,Cristabel,Monaco,Cristabel.Monaco@yopmail.com,Cristabel.Monaco@gmail.com,worker
696,Linzy,Hunfredo,Linzy.Hunfredo@yopmail.com,Linzy.Hunfredo@gmail.com,worker
697,Netty,Gemini,Netty.Gemini@yopmail.com,Netty.Gemini@gmail.com,developer
698,Marguerite,Morgun,Marguerite.Morgun@yopmail.com,Marguerite.Morgun@gmail.com,doctor
699,Ira,Ciapas,Ira.Ciapas@yopmail.com,Ira.Ciapas@gmail.com,developer
700,Shaylyn,Carri,Shaylyn.Carri@yopmail.com,Shaylyn.Carri@gmail.com,worker
701,Aurelie,Emmaline,Aurelie.Emmaline@yopmail.com,Aurelie.Emmaline@gmail.com,doctor
702,Joceline,Bandeen,Joceline.Bandeen@yopmail.com,Joceline.Bandeen@gmail.com,police officer
703,Meghann,Newell,Meghann.Newell@yopmail.com,Meghann.Newell@gmail.com,firefighter
704,Merrie,Niles,Merrie.Niles@yopmail.com,Merrie.Niles@gmail.com,worker
705,Vanessa,Raama,Vanessa.Raama@yopmail.com,Vanessa.Raama@gmail.com,police officer
706,Aubrie,Olympium,Aubrie.Olympium@yopmail.com,Aubrie.Olympium@gmail.com,developer
707,Meghann,Docilla,Meghann.Docilla@yopmail.com,Meghann.Docilla@gmail.com,doctor
708,Alia,Warthman,Alia.Warthman@yopmail.com,Alia.Warthman@gmail.com,worker
709,Rosabelle,Center,Rosabelle.Center@yopmail.com,Rosabelle.Center@gmail.com,firefighter
710,Edee,Hamil,Edee.Hamil@yopmail.com,Edee.Hamil@gmail.com,doctor
711,Madelle,Herrera,Madelle.Herrera@yopmail.com,Madelle.Herrera@gmail.com,developer
712,Alejandra,Albertine,Alejandra.Albertine@yopmail.com,Alejandra.Albertine@gmail.com,doctor
713,Ardys,Merat,Ardys.Merat@yopmail.com,Ardys.Merat@gmail.com,worker
714,Fred,Flyn,Fred.Flyn@yopmail.com,Fred.Flyn@gmail.com,firefighter
715,Priscilla,Fillbert,Priscilla.Fillbert@yopmail.com,Priscilla.Fillbert@gmail.com,developer
716,Jaime,Velick,Jaime.Velick@yopmail.com,Jaime.Velick@gmail.com,doctor
717,Gianina,Longfellow,Gianina.Longfellow@yopmail.com,Gianina.Longfellow@gmail.com,developer
718,Roslyn,Dorcy,Roslyn.Dorcy@yopmail.com,Roslyn.Dorcy@gmail.com,firefighter
719,Louella,Revkah,Louella.Revkah@yopmail.com,Louella.Revkah@gmail.com,developer
720,Larine,Dalli,Larine.Dalli@yopmail.com,Larine.Dalli@gmail.com,police officer
721,Mariann,Nunci,Mariann.Nunci@yopmail.com,Mariann.Nunci@gmail.com,doctor
722,Myriam,Waite,Myriam.Waite@yopmail.com,Myriam.Waite@gmail.com,worker
723,Jordan,Loleta,Jordan.Loleta@yopmail.com,Jordan.Loleta@gmail.com,worker
724,Kirbee,Phi,Kirbee.Phi@yopmail.com,Kirbee.Phi@gmail.com,police officer
725,Annaliese,Elo,Annaliese.Elo@yopmail.com,Annaliese.Elo@gmail.com,police officer
726,Theodora,Ricki,Theodora.Ricki@yopmail.com,Theodora.Ricki@gmail.com,police officer
727,Lucy,Boehike,Lucy.Boehike@yopmail.com,Lucy.Boehike@gmail.com,firefighter
728,Kirbee,Raul,Kirbee.Raul@yopmail.com,Kirbee.Raul@gmail.com,developer
729,Stephanie,Valerio,Stephanie.Valerio@yopmail.com,Stephanie.Valerio@gmail.com,developer
730,Suzette,Anyah,Suzette.Anyah@yopmail.com,Suzette.Anyah@gmail.com,police officer
731,Kelly,Christine,Kelly.Christine@yopmail.com,Kelly.Christine@gmail.com,worker
732,Hallie,Mitzi,Hallie.Mitzi@yopmail.com,Hallie.Mitzi@gmail.com,doctor
733,Winifred,Whiffen,Winifred.Whiffen@yopmail.com,Winifred.Whiffen@gmail.com,doctor
734,Mamie,Auberbach,Mamie.Auberbach@yopmail.com,Mamie.Auberbach@gmail.com,developer
735,Doralynne,Sharl,Doralynne.Sharl@yopmail.com,Doralynne.Sharl@gmail.com,doctor
736,Korrie,Elisha,Korrie.Elisha@yopmail.com,Korrie.Elisha@gmail.com,worker
737,Hollie,Ralfston,Hollie.Ralfston@yopmail.com,Hollie.Ralfston@gmail.com,developer
738,Kaia,Garrison,Kaia.Garrison@yopmail.com,Kaia.Garrison@gmail.com,firefighter
739,Ann-Marie,Bronk,Ann-Marie.Bronk@yopmail.com,Ann-Marie.Bronk@gmail.com,doctor
740,Belva,Milde,Belva.Milde@yopmail.com,Belva.Milde@gmail.com,worker
741,Nikki,Calhoun,Nikki.Calhoun@yopmail.com,Nikki.Calhoun@gmail.com,firefighter
742,Kirstin,Ortrude,Kirstin.Ortrude@yopmail.com,Kirstin.Ortrude@gmail.com,developer
743,Ileana,Thilda,Ileana.Thilda@yopmail.com,Ileana.Thilda@gmail.com,worker
744,Andree,Merat,Andree.Merat@yopmail.com,Andree.Merat@gmail.com,worker
745,Kara-Lynn,Denis,Kara-Lynn.Denis@yopmail.com,Kara-Lynn.Denis@gmail.com,firefighter
746,Rosaline,Clarissa,Rosaline.Clarissa@yopmail.com,Rosaline.Clarissa@gmail.com,worker
747,Correy,Lipson,Correy.Lipson@yopmail.com,Correy.Lipson@gmail.com,police officer
748,Perry,Nickola,Perry.Nickola@yopmail.com,Perry.Nickola@gmail.com,doctor
749,Abbie,Jerold,Abbie.Jerold@yopmail.com,Abbie.Jerold@gmail.com,developer
750,Jean,Diogenes,Jean.Diogenes@yopmail.com,Jean.Diogenes@gmail.com,doctor
751,Allis,Bow,Allis.Bow@yopmail.com,Allis.Bow@gmail.com,firefighter
752,Charissa,Clywd,Charissa.Clywd@yopmail.com,Charissa.Clywd@gmail.com,doctor
753,Phedra,Vernier,Phedra.Vernier@yopmail.com,Phedra.Vernier@gmail.com,police officer
754,Raquela,Colleen,Raquela.Colleen@yopmail.com,Raquela.Colleen@gmail.com,police officer
755,Etta,Nisbet,Etta.Nisbet@yopmail.com,Etta.Nisbet@gmail.com,firefighter
756,Alejandra,Zamora,Alejandra.Zamora@yopmail.com,Alejandra.Zamora@gmail.com,firefighter
757,Merrie,Denis,Merrie.Denis@yopmail.com,Merrie.Denis@gmail.com,worker
758,Merci,Bury,Merci.Bury@yopmail.com,Merci.Bury@gmail.com,doctor
759,Lindie,Daegal,Lindie.Daegal@yopmail.com,Lindie.Daegal@gmail.com,worker
760,Alexine,Modie,Alexine.Modie@yopmail.com,Alexine.Modie@gmail.com,developer
761,Vere,Stephie,Vere.Stephie@yopmail.com,Vere.Stephie@gmail.com,developer
762,Ilse,Buttaro,Ilse.Buttaro@yopmail.com,Ilse.Buttaro@gmail.com,worker
763,Dotty,Sholley,Dotty.Sholley@yopmail.com,Dotty.Sholley@gmail.com,worker
764,Etta,Elephus,Etta.Elephus@yopmail.com,Etta.Elephus@gmail.com,doctor
765,Anica,Dichy,Anica.Dichy@yopmail.com,Anica.Dichy@gmail.com,police officer
766,Mady,Stephie,Mady.Stephie@yopmail.com,Mady.Stephie@gmail.com,worker
767,Jeanna,Oster,Jeanna.Oster@yopmail.com,Jeanna.Oster@gmail.com,police officer
768,Wileen,Rudolph,Wileen.Rudolph@yopmail.com,Wileen.Rudolph@gmail.com,doctor
769,Anica,Dimitris,Anica.Dimitris@yopmail.com,Anica.Dimitris@gmail.com,police officer
770,Shannah,Elephus,Shannah.Elephus@yopmail.com,Shannah.Elephus@gmail.com,police officer
771,Nataline,Reneta,Nataline.Reneta@yopmail.com,Nataline.Reneta@gmail.com,worker
772,Silvana,Bahr,Silvana.Bahr@yopmail.com,Silvana.Bahr@gmail.com,worker
773,Brandise,Kiyoshi,Brandise.Kiyoshi@yopmail.com,Brandise.Kiyoshi@gmail.com,developer
774,Belinda,Levey,Belinda.Levey@yopmail.com,Belinda.Levey@gmail.com,firefighter
775,Gusty,Hubert,Gusty.Hubert@yopmail.com,Gusty.Hubert@gmail.com,police officer
776,Willetta,Dreda,Willetta.Dreda@yopmail.com,Willetta.Dreda@gmail.com,firefighter
777,Gavrielle,Corabella,Gavrielle.Corabella@yopmail.com,Gavrielle.Corabella@gmail.com,doctor
778,Sean,Gavrila,Sean.Gavrila@yopmail.com,Sean.Gavrila@gmail.com,doctor
779,Vita,My,Vita.My@yopmail.com,Vita.My@gmail.com,developer
780,Dale,Philipp,Dale.Philipp@yopmail.com,Dale.Philipp@gmail.com,worker
781,Lucy,Syd,Lucy.Syd@yopmail.com,Lucy.Syd@gmail.com,firefighter
782,Fina,Pacorro,Fina.Pacorro@yopmail.com,Fina.Pacorro@gmail.com,developer
783,Kary,Gilmour,Kary.Gilmour@yopmail.com,Kary.Gilmour@gmail.com,doctor
784,Anallese,Calhoun,Anallese.Calhoun@yopmail.com,Anallese.Calhoun@gmail.com,firefighter
785,Carol-Jean,Glenden,Carol-Jean.Glenden@yopmail.com,Carol-Jean.Glenden@gmail.com,worker
786,Ninnetta,Norvol,Ninnetta.Norvol@yopmail.com,Ninnetta.Norvol@gmail.com,worker
787,Meriel,Alisia,Meriel.Alisia@yopmail.com,Meriel.Alisia@gmail.com,police officer
788,Tani,Tyson,Tani.Tyson@yopmail.com,Tani.Tyson@gmail.com,police officer
789,Sashenka,Miru,Sashenka.Miru@yopmail.com,Sashenka.Miru@gmail.com,developer
790,Lindie,Arne,Lindie.Arne@yopmail.com,Lindie.Arne@gmail.com,doctor
791,Orsola,Lubin,Orsola.Lubin@yopmail.com,Orsola.Lubin@gmail.com,firefighter
792,Desirae,Croix,Desirae.Croix@yopmail.com,Desirae.Croix@gmail.com,developer
793,Annabela,Septima,Annabela.Septima@yopmail.com,Annabela.Septima@gmail.com,police officer
794,Natka,Carri,Natka.Carri@yopmail.com,Natka.Carri@gmail.com,police officer
795,Odessa,Rugen,Odessa.Rugen@yopmail.com,Odessa.Rugen@gmail.com,police officer
796,Binny,Seligman,Binny.Seligman@yopmail.com,Binny.Seligman@gmail.com,police officer
797,Tomasina,Phi,Tomasina.Phi@yopmail.com,Tomasina.Phi@gmail.com,doctor
798,Orelia,Clie,Orelia.Clie@yopmail.com,Orelia.Clie@gmail.com,firefighter
799,Amelia,Evvie,Amelia.Evvie@yopmail.com,Amelia.Evvie@gmail.com,developer
800,Linzy,Jary,Linzy.Jary@yopmail.com,Linzy.Jary@gmail.com,police officer
801,Clementine,Barrus,Clementine.Barrus@yopmail.com,Clementine.Barrus@gmail.com,police officer
802,Corly,Leonard,Corly.Leonard@yopmail.com,Corly.Leonard@gmail.com,police officer
803,Claresta,Brackely,Claresta.Brackely@yopmail.com,Claresta.Brackely@gmail.com,doctor
804,Vivia,Fennessy,Vivia.Fennessy@yopmail.com,Vivia.Fennessy@gmail.com,doctor
805,Julieta,Urania,Julieta.Urania@yopmail.com,Julieta.Urania@gmail.com,doctor
806,Paola,Jess,Paola.Jess@yopmail.com,Paola.Jess@gmail.com,firefighter
807,Carol-Jean,Isacco,Carol-Jean.Isacco@yopmail.com,Carol-Jean.Isacco@gmail.com,doctor
808,Etta,Knowling,Etta.Knowling@yopmail.com,Etta.Knowling@gmail.com,police officer
809,Jackie,Eben,Jackie.Eben@yopmail.com,Jackie.Eben@gmail.com,worker
810,Charissa,Danby,Charissa.Danby@yopmail.com,Charissa.Danby@gmail.com,worker
811,Heddie,Koziara,Heddie.Koziara@yopmail.com,Heddie.Koziara@gmail.com,worker
812,Evaleen,Stoller,Evaleen.Stoller@yopmail.com,Evaleen.Stoller@gmail.com,police officer
813,Janey,Minetta,Janey.Minetta@yopmail.com,Janey.Minetta@gmail.com,worker
814,Yetty,Phyllis,Yetty.Phyllis@yopmail.com,Yetty.Phyllis@gmail.com,worker
815,Calla,Dash,Calla.Dash@yopmail.com,Calla.Dash@gmail.com,firefighter
816,Maryellen,Secrest,Maryellen.Secrest@yopmail.com,Maryellen.Secrest@gmail.com,police officer
817,Dacia,Lindemann,Dacia.Lindemann@yopmail.com,Dacia.Lindemann@gmail.com,worker
818,Chastity,Adlare,Chastity.Adlare@yopmail.com,Chastity.Adlare@gmail.com,doctor
819,Carly,Thad,Carly.Thad@yopmail.com,Carly.Thad@gmail.com,developer
820,Joleen,Billye,Joleen.Billye@yopmail.com,Joleen.Billye@gmail.com,firefighter
821,Lynnea,Suk,Lynnea.Suk@yopmail.com,Lynnea.Suk@gmail.com,worker
822,Hildegaard,Chaing,Hildegaard.Chaing@yopmail.com,Hildegaard.Chaing@gmail.com,worker
823,Vinita,Roxanna,Vinita.Roxanna@yopmail.com,Vinita.Roxanna@gmail.com,developer
824,Tonia,Lareena,Tonia.Lareena@yopmail.com,Tonia.Lareena@gmail.com,worker
825,Aubrie,Milson,Aubrie.Milson@yopmail.com,Aubrie.Milson@gmail.com,doctor
826,Corry,Wattenberg,Corry.Wattenberg@yopmail.com,Corry.Wattenberg@gmail.com,developer
827,Aryn,Ruvolo,Aryn.Ruvolo@yopmail.com,Aryn.Ruvolo@gmail.com,police officer
828,Edee,Kesley,Edee.Kesley@yopmail.com,Edee.Kesley@gmail.com,police officer
829,Rhea,Wittie,Rhea.Wittie@yopmail.com,Rhea.Wittie@gmail.com,doctor
830,Sherrie,Pernick,Sherrie.Pernick@yopmail.com,Sherrie.Pernick@gmail.com,worker
831,Krystle,Raychel,Krystle.Raychel@yopmail.com,Krystle.Raychel@gmail.com,developer
832,Ninnetta,Halsey,Ninnetta.Halsey@yopmail.com,Ninnetta.Halsey@gmail.com,police officer
833,Alex,Kazimir,Alex.Kazimir@yopmail.com,Alex.Kazimir@gmail.com,police officer
834,Annecorinne,Martguerita,Annecorinne.Martguerita@yopmail.com,Annecorinne.Martguerita@gmail.com,worker
835,Winny,Cristi,Winny.Cristi@yopmail.com,Winny.Cristi@gmail.com,police officer
836,Flory,Madaih,Flory.Madaih@yopmail.com,Flory.Madaih@gmail.com,firefighter
837,Claudina,Munn,Claudina.Munn@yopmail.com,Claudina.Munn@gmail.com,firefighter
838,Hayley,Mintz,Hayley.Mintz@yopmail.com,Hayley.Mintz@gmail.com,worker
839,Stacey,Olympium,Stacey.Olympium@yopmail.com,Stacey.Olympium@gmail.com,worker
840,Morganica,Georas,Morganica.Georas@yopmail.com,Morganica.Georas@gmail.com,doctor
841,Lucy,Briney,Lucy.Briney@yopmail.com,Lucy.Briney@gmail.com,worker
842,Viki,Odysseus,Viki.Odysseus@yopmail.com,Viki.Odysseus@gmail.com,doctor
843,Minda,Vary,Minda.Vary@yopmail.com,Minda.Vary@gmail.com,firefighter
844,Marinna,Sibyls,Marinna.Sibyls@yopmail.com,Marinna.Sibyls@gmail.com,doctor
845,Hollie,Bury,Hollie.Bury@yopmail.com,Hollie.Bury@gmail.com,worker
846,Ellette,Lesley,Ellette.Lesley@yopmail.com,Ellette.Lesley@gmail.com,firefighter
847,Lenna,Jethro,Lenna.Jethro@yopmail.com,Lenna.Jethro@gmail.com,developer
848,Sissy,Dyche,Sissy.Dyche@yopmail.com,Sissy.Dyche@gmail.com,firefighter
849,Lindie,McGrody,Lindie.McGrody@yopmail.com,Lindie.McGrody@gmail.com,doctor
850,Lila,Darrell,Lila.Darrell@yopmail.com,Lila.Darrell@gmail.com,doctor
851,Brena,Infield,Brena.Infield@yopmail.com,Brena.Infield@gmail.com,worker
852,Joceline,Valerio,Joceline.Valerio@yopmail.com,Joceline.Valerio@gmail.com,firefighter
853,Siana,Even,Siana.Even@yopmail.com,Siana.Even@gmail.com,doctor
854,Kayla,Marden,Kayla.Marden@yopmail.com,Kayla.Marden@gmail.com,developer
855,Shaine,Nickola,Shaine.Nickola@yopmail.com,Shaine.Nickola@gmail.com,worker
856,Zsa Zsa,Peti,Zsa Zsa.Peti@yopmail.com,Zsa Zsa.Peti@gmail.com,doctor
857,Claudina,Ogren,Claudina.Ogren@yopmail.com,Claudina.Ogren@gmail.com,worker
858,Starla,Korey,Starla.Korey@yopmail.com,Starla.Korey@gmail.com,firefighter
859,Harrietta,Newell,Harrietta.Newell@yopmail.com,Harrietta.Newell@gmail.com,firefighter
860,Heddie,Woodberry,Heddie.Woodberry@yopmail.com,Heddie.Woodberry@gmail.com,police officer
861,Maryellen,Myrilla,Maryellen.Myrilla@yopmail.com,Maryellen.Myrilla@gmail.com,firefighter
862,Silvana,Edvard,Silvana.Edvard@yopmail.com,Silvana.Edvard@gmail.com,police officer
863,Elena,Aaberg,Elena.Aaberg@yopmail.com,Elena.Aaberg@gmail.com,police officer
864,Emylee,Keelia,Emylee.Keelia@yopmail.com,Emylee.Keelia@gmail.com,developer
865,Lily,Irmine,Lily.Irmine@yopmail.com,Lily.Irmine@gmail.com,developer
866,Zia,Niles,Zia.Niles@yopmail.com,Zia.Niles@gmail.com,developer
867,Brynna,Zuzana,Brynna.Zuzana@yopmail.com,Brynna.Zuzana@gmail.com,developer
868,Lanna,Ochs,Lanna.Ochs@yopmail.com,Lanna.Ochs@gmail.com,developer
869,Lilith,Leffen,Lilith.Leffen@yopmail.com,Lilith.Leffen@gmail.com,firefighter
870,Gale,Chesna,Gale.Chesna@yopmail.com,Gale.Chesna@gmail.com,doctor
871,Chloris,Thad,Chloris.Thad@yopmail.com,Chloris.Thad@gmail.com,developer
872,Coral,Tatianas,Coral.Tatianas@yopmail.com,Coral.Tatianas@gmail.com,worker
873,Fawne,Fiester,Fawne.Fiester@yopmail.com,Fawne.Fiester@gmail.com,doctor
874,Wynne,Fitzsimmons,Wynne.Fitzsimmons@yopmail.com,Wynne.Fitzsimmons@gmail.com,doctor
875,Sadie,Ramona,Sadie.Ramona@yopmail.com,Sadie.Ramona@gmail.com,firefighter
876,Fred,Old,Fred.Old@yopmail.com,Fred.Old@gmail.com,worker
877,Briney,Jess,Briney.Jess@yopmail.com,Briney.Jess@gmail.com,worker
878,Stacey,Mott,Stacey.Mott@yopmail.com,Stacey.Mott@gmail.com,worker
879,Marcelline,Tound,Marcelline.Tound@yopmail.com,Marcelline.Tound@gmail.com,firefighter
880,Kirbee,Kussell,Kirbee.Kussell@yopmail.com,Kirbee.Kussell@gmail.com,firefighter
881,Marita,Narton,Marita.Narton@yopmail.com,Marita.Narton@gmail.com,firefighter
882,Nannie,Elephus,Nannie.Elephus@yopmail.com,Nannie.Elephus@gmail.com,worker
883,Gwyneth,Melan,Gwyneth.Melan@yopmail.com,Gwyneth.Melan@gmail.com,police officer
884,Randa,Hewitt,Randa.Hewitt@yopmail.com,Randa.Hewitt@gmail.com,doctor
885,Camile,Desai,Camile.Desai@yopmail.com,Camile.Desai@gmail.com,worker
886,Riannon,Berard,Riannon.Berard@yopmail.com,Riannon.Berard@gmail.com,developer
887,Alie,Cynar,Alie.Cynar@yopmail.com,Alie.Cynar@gmail.com,worker
888,Codie,Tayib,Codie.Tayib@yopmail.com,Codie.Tayib@gmail.com,worker
889,Tomasina,Han,Tomasina.Han@yopmail.com,Tomasina.Han@gmail.com,firefighter
890,Kylynn,Ade,Kylynn.Ade@yopmail.com,Kylynn.Ade@gmail.com,firefighter
891,Kore,Payson,Kore.Payson@yopmail.com,Kore.Payson@gmail.com,developer
892,Mildrid,Ethban,Mildrid.Ethban@yopmail.com,Mildrid.Ethban@gmail.com,firefighter
893,Rosanne,Dyche,Rosanne.Dyche@yopmail.com,Rosanne.Dyche@gmail.com,developer
894,Kimmy,Faria,Kimmy.Faria@yopmail.com,Kimmy.Faria@gmail.com,police officer
895,Anica,Greenwald,Anica.Greenwald@yopmail.com,Anica.Greenwald@gmail.com,developer
896,Kate,Alabaster,Kate.Alabaster@yopmail.com,Kate.Alabaster@gmail.com,worker
897,Raina,Chem,Raina.Chem@yopmail.com,Raina.Chem@gmail.com,police officer
898,Sybille,Greenwald,Sybille.Greenwald@yopmail.com,Sybille.Greenwald@gmail.com,worker
899,Antonietta,Douglass,Antonietta.Douglass@yopmail.com,Antonietta.Douglass@gmail.com,worker
900,Dode,Tiffa,Dode.Tiffa@yopmail.com,Dode.Tiffa@gmail.com,doctor
901,Raina,Gillan,Raina.Gillan@yopmail.com,Raina.Gillan@gmail.com,doctor
902,Marcelline,Cohdwell,Marcelline.Cohdwell@yopmail.com,Marcelline.Cohdwell@gmail.com,doctor
903,Katuscha,Gavrila,Katuscha.Gavrila@yopmail.com,Katuscha.Gavrila@gmail.com,police officer
904,Blondelle,Gale,Blondelle.Gale@yopmail.com,Blondelle.Gale@gmail.com,developer
905,Loree,Dearborn,Loree.Dearborn@yopmail.com,Loree.Dearborn@gmail.com,firefighter
906,Donnie,Lane,Donnie.Lane@yopmail.com,Donnie.Lane@gmail.com,police officer
907,Ofilia,McClimans,Ofilia.McClimans@yopmail.com,Ofilia.McClimans@gmail.com,doctor
908,Sara-Ann,Vittoria,Sara-Ann.Vittoria@yopmail.com,Sara-Ann.Vittoria@gmail.com,worker
909,Margalo,Herrera,Margalo.Herrera@yopmail.com,Margalo.Herrera@gmail.com,developer
910,Wynne,Tatianas,Wynne.Tatianas@yopmail.com,Wynne.Tatianas@gmail.com,firefighter
911,Kassey,Colp,Kassey.Colp@yopmail.com,Kassey.Colp@gmail.com,firefighter
912,Violet,Keelia,Violet.Keelia@yopmail.com,Violet.Keelia@gmail.com,worker
913,Averyl,Seessel,Averyl.Seessel@yopmail.com,Averyl.Seessel@gmail.com,developer
914,Diena,Armanda,Diena.Armanda@yopmail.com,Diena.Armanda@gmail.com,police officer
915,Fanchon,Lory,Fanchon.Lory@yopmail.com,Fanchon.Lory@gmail.com,doctor
916,Vonny,Breed,Vonny.Breed@yopmail.com,Vonny.Breed@gmail.com,developer
917,Addia,Gerge,Addia.Gerge@yopmail.com,Addia.Gerge@gmail.com,firefighter
918,Cecile,Chauncey,Cecile.Chauncey@yopmail.com,Cecile.Chauncey@gmail.com,firefighter
919,Eugine,Bord,Eugine.Bord@yopmail.com,Eugine.Bord@gmail.com,police officer
920,Tilly,Leonard,Tilly.Leonard@yopmail.com,Tilly.Leonard@gmail.com,worker
921,Blake,Howlyn,Blake.Howlyn@yopmail.com,Blake.Howlyn@gmail.com,worker
922,Katleen,Lissi,Katleen.Lissi@yopmail.com,Katleen.Lissi@gmail.com,developer
923,Kimberley,Kaete,Kimberley.Kaete@yopmail.com,Kimberley.Kaete@gmail.com,firefighter
924,Jordan,Bonucci,Jordan.Bonucci@yopmail.com,Jordan.Bonucci@gmail.com,firefighter
925,Rayna,Ax,Rayna.Ax@yopmail.com,Rayna.Ax@gmail.com,doctor
926,Meghann,Elephus,Meghann.Elephus@yopmail.com,Meghann.Elephus@gmail.com,firefighter
927,Rosanne,Bryna,Rosanne.Bryna@yopmail.com,Rosanne.Bryna@gmail.com,developer
928,Johna,Lareena,Johna.Lareena@yopmail.com,Johna.Lareena@gmail.com,firefighter
929,Andree,Llovera,Andree.Llovera@yopmail.com,Andree.Llovera@gmail.com,worker
930,Ayn,Wooster,Ayn.Wooster@yopmail.com,Ayn.Wooster@gmail.com,doctor
931,Oralee,Alice,Oralee.Alice@yopmail.com,Oralee.Alice@gmail.com,developer
932,Darci,Othilia,Darci.Othilia@yopmail.com,Darci.Othilia@gmail.com,doctor
933,Max,Nea,Max.Nea@yopmail.com,Max.Nea@gmail.com,doctor
934,Sindee,Loleta,Sindee.Loleta@yopmail.com,Sindee.Loleta@gmail.com,police officer
935,Jacquetta,Scammon,Jacquetta.Scammon@yopmail.com,Jacquetta.Scammon@gmail.com,firefighter
936,Kassey,Means,Kassey.Means@yopmail.com,Kassey.Means@gmail.com,worker
937,Courtnay,Hazlett,Courtnay.Hazlett@yopmail.com,Courtnay.Hazlett@gmail.com,developer
938,Ardys,Flyn,Ardys.Flyn@yopmail.com,Ardys.Flyn@gmail.com,worker
939,Fina,Behre,Fina.Behre@yopmail.com,Fina.Behre@gmail.com,doctor
940,Georgetta,Khorma,Georgetta.Khorma@yopmail.com,Georgetta.Khorma@gmail.com,firefighter
941,Aigneis,Hylan,Aigneis.Hylan@yopmail.com,Aigneis.Hylan@gmail.com,doctor
942,Ethel,Muriel,Ethel.Muriel@yopmail.com,Ethel.Muriel@gmail.com,police officer
943,Elie,Mozelle,Elie.Mozelle@yopmail.com,Elie.Mozelle@gmail.com,worker
944,Beatriz,Ashok,Beatriz.Ashok@yopmail.com,Beatriz.Ashok@gmail.com,firefighter
945,Sophia,Ashok,Sophia.Ashok@yopmail.com,Sophia.Ashok@gmail.com,police officer
946,Leontine,Hessler,Leontine.Hessler@yopmail.com,Leontine.Hessler@gmail.com,firefighter
947,Lynea,Peti,Lynea.Peti@yopmail.com,Lynea.Peti@gmail.com,police officer
948,Randa,Kannry,Randa.Kannry@yopmail.com,Randa.Kannry@gmail.com,police officer
949,Raina,Lumbard,Raina.Lumbard@yopmail.com,Raina.Lumbard@gmail.com,developer
950,Randa,Wittie,Randa.Wittie@yopmail.com,Randa.Wittie@gmail.com,police officer
951,Elie,Drisko,Elie.Drisko@yopmail.com,Elie.Drisko@gmail.com,police officer
952,Ketti,Sperling,Ketti.Sperling@yopmail.com,Ketti.Sperling@gmail.com,firefighter
953,Gwenneth,Cosenza,Gwenneth.Cosenza@yopmail.com,Gwenneth.Cosenza@gmail.com,firefighter
954,Courtnay,Terencio,Courtnay.Terencio@yopmail.com,Courtnay.Terencio@gmail.com,firefighter
955,Ardenia,Casimir,Ardenia.Casimir@yopmail.com,Ardenia.Casimir@gmail.com,police officer
956,Jasmina,Blake,Jasmina.Blake@yopmail.com,Jasmina.Blake@gmail.com,developer
957,Zsa Zsa,Vharat,Zsa Zsa.Vharat@yopmail.com,Zsa Zsa.Vharat@gmail.com,developer
958,Carolina,Ashok,Carolina.Ashok@yopmail.com,Carolina.Ashok@gmail.com,developer
959,Perry,Maurine,Perry.Maurine@yopmail.com,Perry.Maurine@gmail.com,doctor
960,Zsa Zsa,Berard,Zsa Zsa.Berard@yopmail.com,Zsa Zsa.Berard@gmail.com,developer
961,Corene,Sibyls,Corene.Sibyls@yopmail.com,Corene.Sibyls@gmail.com,developer
962,Maryellen,Joseph,Maryellen.Joseph@yopmail.com,Maryellen.Joseph@gmail.com,worker
963,Clo,Iiette,Clo.Iiette@yopmail.com,Clo.Iiette@gmail.com,doctor
964,Mariele,Federica,Mariele.Federica@yopmail.com,Mariele.Federica@gmail.com,doctor
965,Nelle,Fulmer,Nelle.Fulmer@yopmail.com,Nelle.Fulmer@gmail.com,worker
966,Ingrid,Swigart,Ingrid.Swigart@yopmail.com,Ingrid.Swigart@gmail.com,police officer
967,Tierney,Macey,Tierney.Macey@yopmail.com,Tierney.Macey@gmail.com,doctor
968,Mathilda,Lane,Mathilda.Lane@yopmail.com,Mathilda.Lane@gmail.com,police officer
969,Kathy,Earlie,Kathy.Earlie@yopmail.com,Kathy.Earlie@gmail.com,police officer
970,Libbie,Evangelia,Libbie.Evangelia@yopmail.com,Libbie.Evangelia@gmail.com,doctor
971,Dulcinea,Dawkins,Dulcinea.Dawkins@yopmail.com,Dulcinea.Dawkins@gmail.com,firefighter
972,Kayla,Lea,Kayla.Lea@yopmail.com,Kayla.Lea@gmail.com,doctor
973,Carol-Jean,Stelle,Carol-Jean.Stelle@yopmail.com,Carol-Jean.Stelle@gmail.com,worker
974,Jan,Merriott,Jan.Merriott@yopmail.com,Jan.Merriott@gmail.com,doctor
975,Millie,Lanita,Millie.Lanita@yopmail.com,Millie.Lanita@gmail.com,doctor
976,Odessa,Leopold,Odessa.Leopold@yopmail.com,Odessa.Leopold@gmail.com,police officer
977,Sonni,Waldron,Sonni.Waldron@yopmail.com,Sonni.Waldron@gmail.com,police officer
978,Hallie,Michella,Hallie.Michella@yopmail.com,Hallie.Michella@gmail.com,worker
979,Dari,Vale,Dari.Vale@yopmail.com,Dari.Vale@gmail.com,worker
980,Elfreda,Ries,Elfreda.Ries@yopmail.com,Elfreda.Ries@gmail.com,firefighter
981,Jaclyn,Zitvaa,Jaclyn.Zitvaa@yopmail.com,Jaclyn.Zitvaa@gmail.com,worker
982,Gretal,Genna,Gretal.Genna@yopmail.com,Gretal.Genna@gmail.com,firefighter
983,Fina,Barrus,Fina.Barrus@yopmail.com,Fina.Barrus@gmail.com,worker
984,Raf,Goerke,Raf.Goerke@yopmail.com,Raf.Goerke@gmail.com,worker
985,Tani,Stephie,Tani.Stephie@yopmail.com,Tani.Stephie@gmail.com,police officer
986,Lulita,Bethany,Lulita.Bethany@yopmail.com,Lulita.Bethany@gmail.com,worker
987,Quintina,Kiyoshi,Quintina.Kiyoshi@yopmail.com,Quintina.Kiyoshi@gmail.com,worker
988,Sean,Vivle,Sean.Vivle@yopmail.com,Sean.Vivle@gmail.com,firefighter
989,Nanete,Dex,Nanete.Dex@yopmail.com,Nanete.Dex@gmail.com,worker
990,Rhoda,Ball,Rhoda.Ball@yopmail.com,Rhoda.Ball@gmail.com,firefighter
991,Heddie,Nicoline,Heddie.Nicoline@yopmail.com,Heddie.Nicoline@gmail.com,police officer
992,Anestassia,Kolnick,Anestassia.Kolnick@yopmail.com,Anestassia.Kolnick@gmail.com,doctor
993,Gretal,Holtz,Gretal.Holtz@yopmail.com,Gretal.Holtz@gmail.com,developer
994,Sherrie,Rozanna,Sherrie.Rozanna@yopmail.com,Sherrie.Rozanna@gmail.com,worker
995,Leanna,Vittoria,Leanna.Vittoria@yopmail.com,Leanna.Vittoria@gmail.com,developer
996,Vonny,Marijo,Vonny.Marijo@yopmail.com,Vonny.Marijo@gmail.com,police officer
997,Doro,Howlyn,Doro.Howlyn@yopmail.com,Doro.Howlyn@gmail.com,worker
998,Dennie,Aaberg,Dennie.Aaberg@yopmail.com,Dennie.Aaberg@gmail.com,developer
999,Kristina,Hoenack,Kristina.Hoenack@yopmail.com,Kristina.Hoenack@gmail.com,firefighter
1000,Kenna,Stelle,Kenna.Stelle@yopmail.com,Kenna.Stelle@gmail.com,developer
1001,Ernesta,Richers,Ernesta.Richers@yopmail.com,Ernesta.Richers@gmail.com,worker
1002,Gavrielle,Anton,Gavrielle.Anton@yopmail.com,Gavrielle.Anton@gmail.com,police officer
1003,Reeba,Si,Reeba.Si@yopmail.com,Reeba.Si@gmail.com,worker
1004,Max,Ambrosia,Max.Ambrosia@yopmail.com,Max.Ambrosia@gmail.com,police officer
1005,Nicoli,Baptlsta,Nicoli.Baptlsta@yopmail.com,Nicoli.Baptlsta@gmail.com,worker
1006,Chrystel,Buttaro,Chrystel.Buttaro@yopmail.com,Chrystel.Buttaro@gmail.com,police officer
1007,Bobinette,Aida,Bobinette.Aida@yopmail.com,Bobinette.Aida@gmail.com,worker
1008,Emma,Fax,Emma.Fax@yopmail.com,Emma.Fax@gmail.com,developer
1009,Dulcinea,Campball,Dulcinea.Campball@yopmail.com,Dulcinea.Campball@gmail.com,police officer
1010,Patricia,Lemuela,Patricia.Lemuela@yopmail.com,Patricia.Lemuela@gmail.com,worker
1011,Daryl,Dielu,Daryl.Dielu@yopmail.com,Daryl.Dielu@gmail.com,police officer
1012,Courtnay,Munn,Courtnay.Munn@yopmail.com,Courtnay.Munn@gmail.com,police officer
1013,Doro,Seligman,Doro.Seligman@yopmail.com,Doro.Seligman@gmail.com,firefighter
1014,Brooks,Oscar,Brooks.Oscar@yopmail.com,Brooks.Oscar@gmail.com,police officer
1015,Winifred,Erb,Winifred.Erb@yopmail.com,Winifred.Erb@gmail.com,worker
1016,Kathi,Martguerita,Kathi.Martguerita@yopmail.com,Kathi.Martguerita@gmail.com,police officer
1017,Tabbatha,Vorster,Tabbatha.Vorster@yopmail.com,Tabbatha.Vorster@gmail.com,firefighter
1018,Britni,Therine,Britni.Therine@yopmail.com,Britni.Therine@gmail.com,police officer
1019,Ariela,Bow,Ariela.Bow@yopmail.com,Ariela.Bow@gmail.com,developer
1020,Chrystel,Evangelia,Chrystel.Evangelia@yopmail.com,Chrystel.Evangelia@gmail.com,police officer
1021,Catharine,Duwalt,Catharine.Duwalt@yopmail.com,Catharine.Duwalt@gmail.com,developer
1022,Carlie,Suzetta,Carlie.Suzetta@yopmail.com,Carlie.Suzetta@gmail.com,firefighter
1023,Olwen,Jalbert,Olwen.Jalbert@yopmail.com,Olwen.Jalbert@gmail.com,worker
1024,Natka,Phyllis,Natka.Phyllis@yopmail.com,Natka.Phyllis@gmail.com,doctor
1025,Marita,Narton,Marita.Narton@yopmail.com,Marita.Narton@gmail.com,worker
1026,June,Destinee,June.Destinee@yopmail.com,June.Destinee@gmail.com,worker
1027,Roz,Regan,Roz.Regan@yopmail.com,Roz.Regan@gmail.com,doctor
1028,Dione,Montgomery,Dione.Montgomery@yopmail.com,Dione.Montgomery@gmail.com,doctor
1029,Allyce,Pacorro,Allyce.Pacorro@yopmail.com,Allyce.Pacorro@gmail.com,firefighter
1030,Melanie,Scammon,Melanie.Scammon@yopmail.com,Melanie.Scammon@gmail.com,firefighter
1031,Merle,Longfellow,Merle.Longfellow@yopmail.com,Merle.Longfellow@gmail.com,police officer
1032,Deedee,Goode,Deedee.Goode@yopmail.com,Deedee.Goode@gmail.com,doctor
1033,Leia,Roxanna,Leia.Roxanna@yopmail.com,Leia.Roxanna@gmail.com,worker
1034,Giustina,Rodmann,Giustina.Rodmann@yopmail.com,Giustina.Rodmann@gmail.com,developer
1035,Elfreda,Pettiford,Elfreda.Pettiford@yopmail.com,Elfreda.Pettiford@gmail.com,firefighter
1036,Lexine,Marijo,Lexine.Marijo@yopmail.com,Lexine.Marijo@gmail.com,doctor
1037,Olwen,Gert,Olwen.Gert@yopmail.com,Olwen.Gert@gmail.com,firefighter
1038,Elka,Donoghue,Elka.Donoghue@yopmail.com,Elka.Donoghue@gmail.com,firefighter
1039,Sibella,Malina,Sibella.Malina@yopmail.com,Sibella.Malina@gmail.com,worker
1040,Cathie,O'Neill,Cathie.O'Neill@yopmail.com,Cathie.O'Neill@gmail.com,firefighter
1041,Chrystel,Keelia,Chrystel.Keelia@yopmail.com,Chrystel.Keelia@gmail.com,firefighter
1042,Estell,Cassius,Estell.Cassius@yopmail.com,Estell.Cassius@gmail.com,firefighter
1043,Candy,Keelia,Candy.Keelia@yopmail.com,Candy.Keelia@gmail.com,developer
1044,Vivia,Othilia,Vivia.Othilia@yopmail.com,Vivia.Othilia@gmail.com,firefighter
1045,Latisha,Tannie,Latisha.Tannie@yopmail.com,Latisha.Tannie@gmail.com,worker
1046,Kamilah,Amadas,Kamilah.Amadas@yopmail.com,Kamilah.Amadas@gmail.com,police officer
1047,Bee,Bonucci,Bee.Bonucci@yopmail.com,Bee.Bonucci@gmail.com,firefighter
1048,Donnie,Suanne,Donnie.Suanne@yopmail.com,Donnie.Suanne@gmail.com,police officer
1049,Dari,Sidonius,Dari.Sidonius@yopmail.com,Dari.Sidonius@gmail.com,doctor
1050,Cathie,Toor,Cathie.Toor@yopmail.com,Cathie.Toor@gmail.com,developer
1051,Dorothy,Flita,Dorothy.Flita@yopmail.com,Dorothy.Flita@gmail.com,firefighter
1052,Raf,Maribeth,Raf.Maribeth@yopmail.com,Raf.Maribeth@gmail.com,doctor
1053,Sabina,Euridice,Sabina.Euridice@yopmail.com,Sabina.Euridice@gmail.com,police officer
1054,Rosene,Pulsifer,Rosene.Pulsifer@yopmail.com,Rosene.Pulsifer@gmail.com,developer
1055,Wanda,Sekofski,Wanda.Sekofski@yopmail.com,Wanda.Sekofski@gmail.com,doctor
1056,Nita,Philipp,Nita.Philipp@yopmail.com,Nita.Philipp@gmail.com,doctor
1057,Kimberley,Monk,Kimberley.Monk@yopmail.com,Kimberley.Monk@gmail.com,developer
1058,Christian,Andrel,Christian.Andrel@yopmail.com,Christian.Andrel@gmail.com,police officer
1059,Daryl,Mintz,Daryl.Mintz@yopmail.com,Daryl.Mintz@gmail.com,worker
1060,Hollie,Ciapas,Hollie.Ciapas@yopmail.com,Hollie.Ciapas@gmail.com,firefighter
1061,Talya,Winthorpe,Talya.Winthorpe@yopmail.com,Talya.Winthorpe@gmail.com,doctor
1062,Nananne,Wallis,Nananne.Wallis@yopmail.com,Nananne.Wallis@gmail.com,police officer
1063,Donnie,Loring,Donnie.Loring@yopmail.com,Donnie.Loring@gmail.com,doctor
1064,Shaine,Gilbertson,Shaine.Gilbertson@yopmail.com,Shaine.Gilbertson@gmail.com,firefighter
1065,Fanchon,Hashim,Fanchon.Hashim@yopmail.com,Fanchon.Hashim@gmail.com,firefighter
1066,Babita,Wadell,Babita.Wadell@yopmail.com,Babita.Wadell@gmail.com,firefighter
1067,Lolita,Vary,Lolita.Vary@yopmail.com,Lolita.Vary@gmail.com,police officer
1068,Sarette,Kinnard,Sarette.Kinnard@yopmail.com,Sarette.Kinnard@gmail.com,worker
1069,Lusa,Dimitris,Lusa.Dimitris@yopmail.com,Lusa.Dimitris@gmail.com,developer
1070,Paulita,Septima,Paulita.Septima@yopmail.com,Paulita.Septima@gmail.com,developer
1071,Selma,Vins,Selma.Vins@yopmail.com,Selma.Vins@gmail.com,worker
1072,Marcy,Atcliffe,Marcy.Atcliffe@yopmail.com,Marcy.Atcliffe@gmail.com,police officer
1073,Moyna,Brenn,Moyna.Brenn@yopmail.com,Moyna.Brenn@gmail.com,firefighter
1074,Zsa Zsa,Means,Zsa Zsa.Means@yopmail.com,Zsa Zsa.Means@gmail.com,firefighter
1075,Marita,Euridice,Marita.Euridice@yopmail.com,Marita.Euridice@gmail.com,doctor
1076,Ada,Kravits,Ada.Kravits@yopmail.com,Ada.Kravits@gmail.com,doctor
1077,Althea,Dosia,Althea.Dosia@yopmail.com,Althea.Dosia@gmail.com,doctor
1078,Dennie,Ephrem,Dennie.Ephrem@yopmail.com,Dennie.Ephrem@gmail.com,doctor
1079,Tressa,Larochelle,Tressa.Larochelle@yopmail.com,Tressa.Larochelle@gmail.com,worker
1080,Rosabelle,Jehu,Rosabelle.Jehu@yopmail.com,Rosabelle.Jehu@gmail.com,firefighter
1081,Zaria,Arquit,Zaria.Arquit@yopmail.com,Zaria.Arquit@gmail.com,developer
1082,Rosabelle,Sisile,Rosabelle.Sisile@yopmail.com,Rosabelle.Sisile@gmail.com,developer
1083,Mady,Bibi,Mady.Bibi@yopmail.com,Mady.Bibi@gmail.com,police officer
1084,Laure,Drus,Laure.Drus@yopmail.com,Laure.Drus@gmail.com,doctor
1085,Isa,Ingra,Isa.Ingra@yopmail.com,Isa.Ingra@gmail.com,developer
1086,Sandie,Millda,Sandie.Millda@yopmail.com,Sandie.Millda@gmail.com,developer
1087,Mady,Wiener,Mady.Wiener@yopmail.com,Mady.Wiener@gmail.com,police officer
1088,Rubie,Fredi,Rubie.Fredi@yopmail.com,Rubie.Fredi@gmail.com,worker
1089,Monika,Rugen,Monika.Rugen@yopmail.com,Monika.Rugen@gmail.com,firefighter
1090,Devina,Larochelle,Devina.Larochelle@yopmail.com,Devina.Larochelle@gmail.com,worker
1091,Hermione,Willie,Hermione.Willie@yopmail.com,Hermione.Willie@gmail.com,police officer
1092,Charmaine,Huggins,Charmaine.Huggins@yopmail.com,Charmaine.Huggins@gmail.com,firefighter
1093,Courtnay,Isacco,Courtnay.Isacco@yopmail.com,Courtnay.Isacco@gmail.com,police officer
1094,Tobe,Vorster,Tobe.Vorster@yopmail.com,Tobe.Vorster@gmail.com,police officer
1095,Ericka,Evvie,Ericka.Evvie@yopmail.com,Ericka.Evvie@gmail.com,firefighter
1096,Mireielle,Hermes,Mireielle.Hermes@yopmail.com,Mireielle.Hermes@gmail.com,doctor
1097,Arabel,Frodi,Arabel.Frodi@yopmail.com,Arabel.Frodi@gmail.com,worker
1098,Cordi,Jehu,Cordi.Jehu@yopmail.com,Cordi.Jehu@gmail.com,worker
1099,Carolina,Lia,Carolina.Lia@yopmail.com,Carolina.Lia@gmail.com,developer